$date
	Tue Sep 29 14:04:18 2026
$end
$version
	Icarus Verilog
$end
$timescale
	1s
$end
$scope module tb $end
$var reg 128 ! currentIn [127:0] $end
$upscope $end
$scope module tb $end
$var wire 128 " out [127:0] $end
$upscope $end
$scope module tb $end
$var reg 1 # clk $end
$upscope $end
$scope module tb $end
$var reg 1 $ reset $end
$upscope $end
$scope module tb $end
$var reg 1 % switch $end
$upscope $end
$scope module tb $end
$var reg 1 & update_cycle $end
$upscope $end
$scope module tb $end
$scope module Network1 $end
$var wire 1 ' yeet $end
$upscope $end
$upscope $end
$enddefinitions $end
$comment Show the parameter values. $end
$dumpall
$end
#0
$dumpvars
x'
0&
0%
1$
0#
bx "
bx !
$end
#3
b0 "
0'
1%
b11111111010101011111111101010101111111110101101111111111011111011111111111010100111111110010011111111111111011011111111110110100 !
1&
1#
#4
0$
#6
0&
0#
#9
b11111111001111111111111100110110111111110011100111111111001111001111111100110010111111110011111011111111011000111111111101101111 !
1&
1#
#12
0&
0#
#15
b11111111001110101111111100110110111111110010011111111111001011111111111100101100111111110011010011111111001110011111111100101011 !
1&
1#
#18
0&
0#
#21
b11000010000000010000000000000000001110111111111110001001111111110111110111111111011111011111111101101101111111101010101 !
1&
1#
#24
0&
0#
#27
b1001101100000000101010001000000001110011100000001111001100000000100111001000000011100001000000001000001110000000011011010 !
1&
1#
#30
0&
0#
#33
b1000010000000000100001000000000010000100000000001000010000000000100001000000000010000100000000001000010000000000100001 "
b1000110000000000010001100000000100110010100000111010001111111111010111010000010100100001100000001101011000000000110011011 !
1&
1#
#36
0&
0#
#39
b11111111010111001111111101111110111111111001011011111111101100010000000000010011000000000101000100000000100101110000000010110110 !
1&
1#
#42
0&
0#
#45
b11111111010010001111111100110111111111110011001111111111001100001111111100101100111111110011011011111111001100011111111101000010 !
1&
1#
#48
0&
0#
#51
b1000101110000000100101011000000000110010100000000111000010000000010000010000000000000100011111111101001001111111110010110 !
1&
1#
#54
0&
0#
#57
b11111111111111110000000000110011000000000100101000000000010101010000000111000011000000010000111100000001001110110000000101000101 !
1&
1#
#60
0&
0#
#63
b11111111001101001111111100110100111111110010111111111111010000101111111101001110111111110100110111111111011111011111111110001011 !
1&
1#
#66
0&
0#
#69
b1011111010000000010100110000000010010001100000000101100100000000010110010000000000011011111111111010110001111111101101011 !
1&
1#
#72
0&
0#
#75
b11111111011000111111111101100110111111111001100011111111110111001111111111101011000000000010100100000000011011110000000011110110 !
1&
1#
#78
0&
0#
#81
b100010010000000000111001111111111011011111111111011011101111111100101110111111110011110011111111001101101111111100111101 !
1&
1#
#84
0&
0#
#87
b11111111011010001111111110001000111111111101000111111111110001011111111110111010000000011101110000000001010011100000000100001000 !
1&
1#
#90
0&
0#
#93
b111000011111111111110010111111110111001011111111010100101111111100111001111111110100011011111111010100111111111100101110 !
1&
1#
#96
0&
0#
#99
b11111111101000001111111110000111000000000001111000000000101001110000000100010011000000010001011100000000101011110000000001101111 !
1&
1#
#102
0&
0#
#105
b11111000000000001010111000000000000001111111111011010001111111101000110111111110011111111111111010010011111111101000011 !
1&
1#
#108
0&
0#
#111
b11111111010001011111111101010010111111111010101011111111101100010000000001010100000000001101010000000000110111010000000011110000 !
1&
1#
#114
0&
0#
#117
b101100000000000010110000000000001011000000000000101100000000000010110000000000001011000000000000101100000000000010110 "
b11111111110110100000000000100011000000010111101000000001000101010000000001111101111111111101001111111111010011101111111101010100 !
1&
1#
#120
0&
0#
#123
b11111111111101101111111110100101111111110110011011111111010000001111111101100101111111111001001111111111110001111111111110011010 !
1&
1#
#126
0&
0#
#129
b11111111100110001111111110011010111111110111001011111111100001000000000010010111000000010110001000000001010001100000000100000001 !
1&
1#
#132
0&
0#
#135
b10010101111111110101001000000010010100000000000110100110000000000110101111111111100011111111111010101011111111101000101 !
1&
1#
#138
0&
0#
#141
b100001010000000000001001111111111110010111111111100000011111111101011101111111110111111011111111100101110000000000001110 !
1&
1#
#144
0&
0#
#147
b11111111011010011111111101110101111111111010100111111111100100011111111111110001000000000011101000000001100111100000000001001101 !
1&
1#
#150
0&
0#
#153
b11111111010101001111111100101011000000100011111011111111000101000000000010101111000000011000101000000000011110100000000010001100 !
1&
1#
#156
0&
0#
#159
b11111110011101101111011111110101111001100111101000000000110101000000000011100101000000000001110111111111011010011111111101100101 !
1&
1#
#162
0&
0#
#165
b11011101111100110000101100000001000000010000011000000001010101001111111101001100111111110111011011111111001100110000000000101101 !
1&
1#
#168
0&
0#
#171
b11100100110000000100001011111111111011000111111111100111011111111110010101111111111000110111111111001011100000000001010100 !
1&
1#
#174
0&
0#
#177
b100110010000000010001111111111111010111011111111101110111111111101111101111111111100011111111111101100111111111111101100 !
1&
1#
#180
0&
0#
#183
b100111111111111100010111111110111100011111111100000101111111101101010111111111001010100000001010100110000000011110101 !
1&
1#
#186
0&
0#
#189
b11111111101010001111111110001110111111110111101111111111010111001111111110001010111111111111000100000000000011000000000001100100 !
1&
1#
#192
0&
0#
#195
b11111111111100111111111101010000000000000101101000000000000011000000000000111111111111111111000111111111100100001111111111001000 !
1&
1#
#198
0&
0#
#201
b10010000000000001001000000000000100100000000000010010000000000001110000000000000111000000000000011100000000000001110 "
b100101000000000001010110111111111111001100000000011110100000000000100101000000000001110111111111111000001111111111010011 !
1&
1#
#204
0&
0#
#207
b10000000000000001000000000000000100000000000000010000000000000001101000000000000110100000000000011010000000000001101 "
b101110000000000000001111111111111010000000000001000111111111111111100000000000011010100000000100001010000000001111101 !
1&
1#
#210
0&
0#
#213
b1100000000000000110000000000000011000000000000001100000000000000110000000000000011000000000000001100000000000000110 "
b11111111111111010000000000101010000000000010101100000000000001111111111111100001111111111110010111111111111011010000000000100100 !
1&
1#
#216
0&
0#
#219
b11111111110110001111111111000010111111111010100111111111100110011111111110110101111111111100010011111111111001101111111111110011 !
1&
1#
#222
0&
0#
#225
b11111111101111011111111111000001111111111011111011111111110010101111111111111001000000000000001100000000000001011111111111100011 !
1&
1#
#228
0&
0#
#231
b11111111111101101111111111111011000000000001110000000000001011010000000000000101000000000000000111111111111010101111111111001111 !
1&
1#
#234
0&
0#
#237
b1001000000000000001110000000000000011011111111110001101111111111001001111111111100100111111111110011111111111111010101 !
1&
1#
#240
0&
0#
#243
b11111111111100010000000000101011000000000011001100000000001111000000000000010101000000000011111100000000001101010000000000101001 !
1&
1#
#246
0&
0#
#249
b11111111101110101111111110110000111111111011110011111111110101101111111111001001111111111100100111111111110110001111111111101000 !
1&
1#
#252
0&
0#
#255
b11111111110101011111111111010011111111111101010111111111101110001111111110110001111111111010100111111111101001011111111110011111 !
1&
1#
#258
0&
0#
#261
b11111111110010101111111111011001111111111011100011111111101111011111111110111110111111111011000111111111110000111111111111011011 !
1&
1#
#264
0&
0#
#267
b11111111110101011111111111010101000000000101101100000000010110110000000010001110000000001000111000000000010101110000000001010111 "
b11111111110010101111111110101110111111111010001111111111111000111111111111100111111111111110010011111111111010111111111111110010 !
1&
1#
#270
0&
0#
#273
b11111111101110111111111110111011111111111100011111111111110001110000000000110011000000000011001100000000001000000000000000100000 "
b11111111111110011111111111101001111111111101011011111111101110001111111111000110111111111100100011111111101101101111111110101110 !
1&
1#
#276
0&
0#
#279
b11111111111010011111111111101001111111111101101111111111110110111111111111101110111111111110111011111111111100011111111111110001 "
b10011000000000000101111000000001001100100000000101100010000000010001001000000000111011000000000011100010000000000100100 !
1&
1#
#282
0&
0#
#285
b11111111111011001111111111101100111111111110110011111111111011001111111111101100111111111110110011111111111011001111111111101100 "
b10011100000000000000110111111111111100111111111111000111111111111000010111111111100101111111111110011010000000000000001 !
1&
1#
#288
0&
0#
#291
b111110000000001001010000000000101010100000000011100000000000001110001000000001000110000000000011101010000000001101011 !
1&
1#
#294
0&
0#
#297
1'
b1000110010000000100001111000000001001000100000001001001110000000010101101000000001011001000000000000101010000000000001100 "
b1010010000000000100101000000000001101111111111111111100000000000000110111111111110000111111111111111000000000000001000 !
1&
1#
#300
0&
0#
#303
b1010001100000000100110110000000010000111100000001010010100000000011101111000000001110001000000001010000100000000001101101 "
b11001000000000001010011000000000100001100000000000101001111111111101111111111111111110011111111111101110000000000001110 !
1&
1#
#306
0&
0#
#309
b1000101100000000100011000000000010011010100000001001100010000000100001001000000010001111100000000111111100000000011110001 "
b111000000000000100101000000000011000100000000010110110000000000110000000000000101111000000000011000110000000001111010 !
1&
1#
#312
0&
0#
#315
b11111111100011101111111110011001111111111011011111111111111011001111111111000011000000000011000000000000011110100000000011101011 "
b10011010000000001010100000000000011111100000000000011001111111111101001111111111110010011111111111000010000000000000100 !
1&
1#
#318
0&
0#
#321
b11111110101001111111110110110100111111100000111111111101011101111111111000000011111111011011001011111110101101011111111011101100 "
b11111111011001001111111101101010111111110111110011111111100001001111111110100000111111111001011100000000000011010000000000100011 !
1&
1#
#324
0&
0#
#327
b11111110111110011111011101110010111111010010010011110111111110001111110111001010111110101000101111111110001000011111111000000010 "
b11111111110111011111111111011010111111111110000111111111110111111111111110111010111111111011110111111111100110111111111110100000 !
1&
1#
#330
0&
0#
#333
b1001000110000000010001001000000010000111011111110001101111111111101100110000000001011000111111101000110101111111111101000 "
b11001010000000001010100111111111111010011111111111000101111111111011001111111111110000011111111111101101111111111101001 !
1&
1#
#336
0&
0#
#339
b1000111010000001000101001000000010011100000000000110101110000000100111000000000000011000000000000111000000000000111000000 "
b1100110000000000010110000000000011101000000000010000010000000001001011000000001001100100000000111011000000000010110011 !
1&
1#
#342
0&
0#
#345
b11111110011111011111111001011011111111101000110111111110101001111111111110010001111111111011101100000000100001010000000100000010 "
b11111111101011001111111110001000111111110111000011111111101010011111111111001110111111111100110100000000000000100000000000011010 !
1&
1#
#348
0&
0#
#351
b11111111100100101111111111101001111111101000010111111110101111001111110110110000111111100010110011111110101000001111111000000001 "
b10000000000000100010000000000101000100000000011100010000000001101010000000000100101100000000000101111111111111110101 !
1&
1#
#354
0&
0#
#357
b1001010000000000100111100000000010101111100000001100111110000000101001100000000001111101100000001010010100000000001101011 "
b1001000000000000101001000000000101001100000000010001010000000001000111000000000100110000000000000011000000000000000100 !
1&
1#
#360
0&
0#
#363
b11111101101010001111111000101011111111100010111111111110100100101111111110000111000000000011011100000000110000010000000010111001 "
b11111111100101111111111110000110111111111001101111111111101001111111111110110101111111111011101111111111111000010000000000100000 !
1&
1#
#366
0&
0#
#369
b1001110100000000100100000000000001100100011111111110000001111111110000011111111110110011011111110101000001111111100000111 "
b11111111111010010000000000010001000000000000001000000000000001001111111111111010111111111100110111111111110011111111111110001110 !
1&
1#
#372
0&
0#
#375
b11111111010000001111111111001111000000001001111100000000110111110000000100110111000000010101111000000001010010100000000101010101 "
b11111111111110011111111111111011000000000000011000000000000000111111111111110001111111111111100011111111111101001111111111111110 !
1&
1#
#378
0&
0#
#381
b1010000010000000010001101000000001000100111111110111001011111111010110001111111010110111011111110000001101111111010000000 "
b1101111111111011010111111111100000011111111110000111111111111010011111111111100100111111111110101001111111111101001 !
1&
1#
#384
0&
0#
#387
b11111111011100110000000001001111000000010001001000000000111100110000000101010100000000001111100000000000100101110000000111101110 "
b11111111111000101111111111100110111111111110110011111111111011110000000000001100000000000000101000000000000111101111111111111011 !
1&
1#
#390
0&
0#
#393
b11011001111111101100010111111111011101111111110101110001111111000010110111111100110110111111110000000101111111011101110 "
b11111111111101110000000000111001000000000101100000000000010101110000000001001110000000000011110100000000001010100000000000000001 !
1&
1#
#396
0&
0#
#399
b11111110111011101111111110000001000000000110001100000000101000000000000101000011000000011100110000000001100010000000000110010000 "
b11111111111100101111111111100000111111111100110111111111101011011111111110111000111111111100010011111111110000111111111111000001 !
1&
1#
#402
0&
0#
#405
b1011100110000000101100011000000000100101011111111010111001111111100110010111111100001010011111110010011001111111011000000 "
b100000000001010010000000000101011100000000011100110000000001001010000000000100110100000000001101010000000000000011 !
1&
1#
#408
0&
0#
#411
b11111110010000011111111001001010111111011100011011111110100111101111111111011111000000000101010000000001010010010000000110111101 "
b11111111111001001111111111001011111111111010111111111111100100111111111110011010111111111011001011111111101001101111111111001000 !
1&
1#
#414
0&
0#
#417
b10110110000000010100111000000001001011000000000110110000000000110010011000000010110011100000000101111100000000000001111 "
b11111111110110011111111110111110111111111001111111111111100101001111111110100101111111111100000011111111110111001111111111110100 !
1&
1#
#420
0&
0#
#423
b1111000100000000111010100000000000000011011111110010010011111110110101001111111010011101111111110101001111111111110111001 "
b1100100000000001010011000000000011010100000000011001100000000010000100000000000101111000000000010101000000000001011000 !
1&
1#
#426
0&
0#
#429
b11111110100100011111111011011111111111101101110011111111011101011111111110001010111111111101010000000001000010000000000110001111 "
b11111111101110101111111110110010111111111011011011111111101110111111111111010110111111111111011100000000000001110000000000000101 !
1&
1#
#432
0&
0#
#435
b11111111000101000000000001001000000000010000110100000000100111000000000110101111000000010011110011111111100100011111111110111111 "
b11111111111110110000000000011100000000000000111100000000001101000000000000111010000000000100001000000000000111101111111111011101 !
1&
1#
#438
0&
0#
#441
b1111001110000000101001100000000000001110100000000011011101111111010101001111111101010100111111110000000001111111100111001 "
b10100000000000010110111111111111111011111111111110111111111111011110111111111100100011111111110101111111111111100110 !
1&
1#
#444
0&
0#
#447
b11111111101011010000000001010010111111101101000111111110011001101111111001001010111111011101101011111111101110100000000001001010 "
b11010110000000001111110000000000111110100000000010110100000000001000111000000000101000000000000010001100000000000111011 !
1&
1#
#450
0&
0#
#453
b1111110000110001001111011100000100101001011011111110000100110000000101110000111111111110100011111111011011100000001001101101 "
b11111111110001011111111110111011111111111100101111111111111001110000000000010111000000000010001000000000010001100000000001110001 !
1&
1#
#456
0&
0#
#459
b11000111101011111110100110000111111110011010111111010000000101111000000100010111110101111010100000100001010110000011000101000 "
b1011000000000000101100000000000010011100000000010011000000000001100111000000000100111111111111111100111111111111101100 !
1&
1#
#462
0&
0#
#465
b11111110100110011111111100111000111100000110111011111011010010110000001101100111111111100000111100001111000000100000111111011010 "
b11111111111101001111111111110010000000000000011011111111111110100000000000000000000000000000111100000000000101000000000000011010 !
1&
1#
#468
0&
0#
#471
b10000011111111111011110100111111110110000100000000000100111111101001101001111111110000100000000100100101000000001001000110 "
b1101100000000001001100000000000100011100000000001111100000000001001000000000000101001100000000001101101111111111101011 !
1&
1#
#474
0&
0#
#477
b1100001010000000100001001000000101100100000000000111111101111111111011000111111101000001111111100111111101111111100101111 "
b110100000000000011100000000000100111100000000100011010000000010111000000000001011000000000000011101000000000001100101 !
1&
1#
#480
0&
0#
#483
b100000110000000101010111000000011010101100000001001101011111111111111101111111110111101111111110011101101111111010010000 "
b11111111110011000000000001010000000000000010101100000000001101110000000000111000000000000001001111111111111101011111111111011010 !
1&
1#
#486
0&
0#
#489
b11111111010110101111111111111101111111111100101011111111110111000000000001000001111111111011111111111111011110001111111111111110 "
b11111111110100111111111110110001111111111010110111111111100001101111111110000101111111111001010011111111100111001111111110011011 !
1&
1#
#492
0&
0#
#495
b11111111100100101111111100110111111111111001010011111110101100000000000001001001000000000101110100000000000101000000000011010101 "
b11111111010010111111111101010110111111110111011011111111100011111111111110010010111111111001010011111111110010101111111111010011 !
1&
1#
#498
0&
0#
#501
b11101010000000000101011000000000100010011111111111010111111111011111111111111110110110111111111010000011111111101101011 "
b1011100000000000001100111111111111101011111111100011101111111110000110111111110100010011111111010000001111111101000011 !
1&
1#
#504
0&
0#
#507
b11111111011110101111111111011010000000000100000000000000000111011111111111110110111111111110000011111111100001001111111110101110 "
b10000110000000001100011000000000100010000000000010010010000000000100000000000000001000100000000001011010000000001001101 !
1&
1#
#510
0&
0#
#513
b1000000000000001110000000000001000001100000000101010000000000010100111000000000010110011111111110010101111111110100110 "
b1100010000000000110001000000000010000100000000000011010000000000100110000000000010010100000000010010110000000000110001 !
1&
1#
#516
0&
0#
#519
b11111100000000001100000000000000010000100000000000000111111111111000000111111111011110111111111111000011111111111110110 "
b11111111011101101111111101110101111111110111000011111111100001011111111111000100111111111101011000000000000000110000000000100011 !
1&
1#
#522
0&
0#
#525
b11111111111011011111111110110011111111111010100111111111101011101111111110111001111111111101101100000000001111000000000001100010 "
b11111111111010100000000000010011000000000101010000000000010111010000000001001000111111111111101111111111100110001111111110011001 !
1&
1#
#528
0&
0#
#531
b11111111100111011111111111100011000000000010110000000000010000100000000001010010000000000111011100000000001000000000000000010001 "
b11111111110000100000000001001001000000000100001100000000011000110000000001011000000000000110001100000000010001010000000000010111 !
1&
1#
#534
0&
0#
#537
b11111111110101011111111110100001111111111101100011111111101001001111111111000010111111111000000111111111011100001111111110101011 "
b11111111111101110000000000000101000000000000011011111111111110001111111111100011111111111011000011111111101010111111111110001101 !
1&
1#
#540
0&
0#
#543
b10011010000000000110011000000000010010100000000010110100000000001101011000000000101001000000000000101001111111111110010 "
b10010000000000010001000000000001010000100000000010111000000000001001110111111111110111111111111110110111111111111010110 !
1&
1#
#546
0&
0#
#549
b10001111111111111111000000000011000000000000010100010000000001011000000000001001101100000000011111100000000001010011 "
b11010110000000010001000000000000010111011111111111100001111111111001100111111111100010011111111011111001111111111010010 !
1&
1#
#552
0&
0#
#555
b110010000000001001101000000000101011000000000010100100000000001101111000000000100000000000000000101000000000000010010 "
b100010000000000001010001000000000011001000000000000100011111111111001001111111111010111000000000000001000000000001000100 !
1&
1#
#558
0&
0#
#561
b100001010000000001111001000000000001110100000000000111010000000000000100111111111101111000000000000100101111111111110001 "
b11111111100111101111111110110011111111111000001111111111100010101111111110010111111111111111001100000000001111100000000001100011 !
1&
1#
#564
0&
0#
#567
b10010000000000010000000000000100010100000000001101011111111111110100000000000110000100000000011100100000000001001010 "
b11111111110111001111111111000100111111111110110111111111111011111111111111100010000000000001100100000000000000101111111111100101 !
1&
1#
#570
0&
0#
#573
b11111111100111011111111100101110111111101110101011111111000000011111111100001011111111110100001011111111100001101111111111100011 "
b1100100000000000100100000000000100101000000000000101111111111111111010111111111101011111111111110001111111111111010111 !
1&
1#
#576
0&
0#
#579
b11111111100110111111111111010110000000000110001100000000001011010000000001101110000000001001010011111111111001101111111111001110 "
b11111111101111111111111110111011111111111010100111111111100011001111111101111111111111111000100111111111110011011111111111100100 !
1&
1#
#582
0&
0#
#585
b11111111101011111111111110000111111111111000111011111111000010101111111100101000111111110010101111111111000000111111111110000011 "
b10101010000000000100101000000000100000100000000000110000000000000000010000000000011111000000000010000000000000000010110 !
1&
1#
#588
0&
0#
#591
b11111111100101001111111111010101111111111100101000000000000111010000000000011101000000000001010111111111111101101111111111101000 "
b11111111110010111111111110101010111111111011000111111111110000110000000000001110000000000011110100000000011010010000000010000111 !
1&
1#
#594
0&
0#
#597
b11111111001111011111111110000101111111111110111000000000000110110000000000011110111111111110110011111111110111101111111110010000 "
b1010110000000000111010000000000011101000000000011001010000000001001000000000000000101111111111111010101111111111010001 !
1&
1#
#600
0&
0#
#603
b11111111110010011111111110100101111111111100110011111111100011101111111110100111111111110100111011111111000101111111111100110010 "
b10100010000000001001011000000000101110000000000001110000000000000011110000000000011010100000000001001100000000000100100 !
1&
1#
#606
0&
0#
#609
b11111111001101111111111110000000111111111110111000000000000101010000000000111010000000000100001111111111111010001111111111010011 "
b11111111110010101111111111111011111111111111000011111111111000001111111111011101000000000011110000000000010100100000000000101011 !
1&
1#
#612
0&
0#
#615
b111000110000000100000110000000010000000100000001001000000000000010100101000000000001001111111111100000111111111101011010 "
b11111111100111011111111110010111111111111011011011111111101111101111111111001011111111111101001011111111111001101111111111100001 !
1&
1#
#618
0&
0#
#621
b11111111111111100111111111110100111111111111110010000000000111101000000000010111100000000011101000000000001110010 "
b11111111110100001111111111000010111111111011010111111111101101001111111110101010111111111010001111111111101000111111111110100000 !
1&
1#
#624
0&
0#
#627
b11111111101001101111111111100110000000000000001100000000000010100000000000001010000000000001001000000000000010000000000000010110 "
b1110000000000010011000000000001100000000000001011010000000000001011000000000001001000000000000011001111111111110000 !
1&
1#
#630
0&
0#
#633
b10000100000000000011101111111111010000011111111100000101111111010110111111111100111011111111110110011111111111100001011 "
b11101110000000001111011000000000111111000000000010100010000000000010101000000000010110111111111111111000000000000001000 !
1&
1#
#636
0&
0#
#639
b110001010000000011110001000000001110000000000000011101100000000000010100111111111110110111111111100100011111111111010011 "
b11111111100001101111111110000111111111111000101011111111011101111111111110001001111111111100001000000000000100100000000000111001 !
1&
1#
#642
0&
0#
#645
b11111111110010011111111110001101111111110011100011111111000011111111111100011011111111110101111111111111110111000000000000110100 "
b1110100000000000010100000000000000010100000000010001010000000001000010000000000010101000000000000001001111111111010010 !
1&
1#
#648
0&
0#
#651
b11111111100011111111111101101101111111110101100111111111010011101111111110110010111111111111000100000000001000000000000000000010 "
b11111111111101111111111111111011000000000000100100000000001011110000000001010000000000000011000100000000001110000000000000111001 !
1&
1#
#654
0&
0#
#657
b100101100000000011011010000000001010001100000000011000100000000001111010000000000001110111111111111011100000000000001001 "
b100101010000000010001010000000001000110000000000010101010000000000010111000000000001110011111111111001111111111111101011 !
1&
1#
#660
0&
0#
#663
b11111111111110111111111110110000111111111010000111111111110101011111111111100000000000000010010100000000010101110000000010010010 "
b11111111111110111111111111111010111111111111011100000000001000110000000000100001000000000001001100000000011110110000000010001101 !
1&
1#
#666
0&
0#
#669
b11111111111110001111111111011101111111111100100111111111111111001111111111111010000000000000001000000000001110001111111111011100 "
b11010000000000100100111111111111101011111111111101111111111111111111111111111111000000000000000000100000000000000110 !
1&
1#
#672
0&
0#
#675
b1110000000001000111000000000101001000000000010010100000000000111110000000000011101100000000000010001111111111111011 "
b11111111101111111111111111000001111111111011010111111111101100001111111110101011111111111101010111111111110010001111111111101001 !
1&
1#
#678
0&
0#
#681
b1110100000000000011010000000000000100011111111111010111111111110011011111111111011110011111111101111101111111111101010 "
b11111111101011101111111111000101111111111011000111111111111000000000000000001110000000000000001100000000000001101111111111100101 !
1&
1#
#684
0&
0#
#687
b11111111101110111111111101110101111111110100010111111111010111011111111101101110111111111010001011111111111011110000000000010001 "
b11111111111011010000000000001010000000000000100100000000000101011111111111110011111111111110011111111111110100101111111110111000 !
1&
1#
#690
0&
0#
#693
b11111111111101010000000000001001000000000011111100000000100000000000000010001010000000001000101000000000010110110000000000000011 "
b1010011111111111111110111111111111011111111111110101101111111111001101111111111011111011111111110010101111111111100100 !
1&
1#
#696
0&
0#
#699
b11111111101111111111111101000000111111110101001011111111010100001111111101101010111111111001000011111111101111001111111111101111 "
b11111111111111110000000000010110000000000100001100000000001001000000000000101110000000000100001000000000010100010000000000100001 !
1&
1#
#702
0&
0#
#705
b11111111111101100000000000101000000000001000010000000000110000000000000010111011000000001011001100000000011000001111111111100100 "
b11111111010111101111111110100100000000000100010000000000011001101111111111001101111111111100011011111111110111011111111111110101 !
1&
1#
#708
0&
0#
#711
b10001100000000010101101000000001100010000000000100011010000000001010010111111111111110111111111110101101111111111110010 "
b11111111001100001111111100110010111111110100000111111111010010011111111100111101111111110100101011111111011001111111111101000100 !
1&
1#
#714
0&
0#
#717
b11111111101100011111111111011100111111110100001111111111000111101111111100100010111111101110000111111111011001001111111111001110 "
b11111111001100001111111100110001111111110011101011111111001001011111111100100101111111110010100011111111001101011111111100101101 !
1&
1#
#720
0&
0#
#723
b100001000000000001100101000000000101110100000000011010111111111111111110111111111110110100000000000111101111111110100111 "
b11111111110010101111111111000001111111111001011111111111001011111111111100101100111111110010110011111111001011101111111100101000 !
1&
1#
#726
0&
0#
#729
b1000001111111110110110111111111000110111111111010110001111111101011000111111111010101111111111111100110000000001000001 "
b1100111000000000100000100000000010011011100000000110111010000000001001110000000000011001011111111110100101111111111010110 !
1&
1#
#732
0&
0#
#735
b11111111110010101111111111010111111111111111101100000000001100010000000000010011000000000010111000000000001100010000000000100001 "
b111001000101111111001000011000000011101100100000001010110010000001001001000000000011010111100000001011101110000000011100010 !
1&
1#
#738
0&
0#
#741
b11111111010011001111111101011010111111110101101011111111011111011111111101111100111111110111111111111111101001101111111110000011 "
b11111111110101110000000001110100000000000110001000000000111111100000000000100100000000011011000100000001001001110000000000110110 !
1&
1#
#744
0&
0#
#747
b10110010000000001110110000000000010111000000000000010001111111111100101111111110111111011111111010101101111111101000111 "
b11111111001100101111111100110000111111110011100011111111010010111111111101101000111111110110100011111111011110001111111110110110 !
1&
1#
#750
0&
0#
#753
b11111111101100011111111110001111111111110100010111111111000111001111111101111111111111111011010000000000001010110000000001000111 "
b100100110000000001000101111111111101010011111111100101001111111100110111111111110011010011111111001100101111111100101100 !
1&
1#
#756
0&
0#
#759
b110000000000000011111111111111001111111111110111001111111111000011111111111101100100000000000011110000000000001110 "
b10000100010000000101010100000000011000000000000001100010000000000100011000000000001110111000000000111011100000000100011101 !
1&
1#
#762
0&
0#
#765
b11111111101111011111111101101010111111110110101111111111011000001111111101101010111111111011101111111111110100000000000000001101 "
b11111111010000101111111101011000111111110110011111111111100100001111111111000010000000000000010000000000010101110000000001010011 !
1&
1#
#768
0&
0#
#771
b11111111110011001111111101110101111111101111110011111110110010001111111100000010111111110010000011111111100001011111111110110010 "
b101001001111111110110000111111110100001111111111001111001111111100111000111111110011000111111111001110101111111101000110 !
1&
1#
#774
0&
0#
#777
b11111111101111101111111101100111111111111000010111111111100010111111111110111111000000000011101000000000010110110000000001001011 "
b100000000000000010000111000000001111010000000000101010100000000110011100000000001100111000000000100101100000000011011001 !
1&
1#
#780
0&
0#
#783
b110010000000000100111000000000101101100000001000010010000000011100000000000001101000100000000110011010000000000001100 "
b11111111001110111111111100110000111111110010111111111111010010011111111101001111111111110110001011111111100011101111111110101000 !
1&
1#
#786
0&
0#
#789
b1000101110000000011110101000000001100111100000000101011000000000001111001000000000100001000000000000001110000000000000100 "
b11111111111100000000000101111101000000001100101100000001001000110000000001111111000000000111101111111111101100111111111101010100 !
1&
1#
#792
0&
0#
#795
b11111111001101011111111110110000000000000000001000000000100001110000000011100100000000010011001100000001001011100000000100010100 "
b11111111001110111111111101000101111111110100101011111111010111011111111101101010111111111001001000000000001110001111111101101111 !
1&
1#
#798
0&
0#
#801
b11111111010101001111111110100000111111111010101011111111110101110000000000001010111111110111100111111111011100001111111101010001 "
b101110100000000100000110000000001111010000000000100101100000000000100001111111111010001111111111011101101111111100111110 !
1&
1#
#804
0&
0#
#807
b11111111110100001111111111000010111111111011001100000000000100011111111111000010111111111011100111111111101001001111111100110011 "
b11111111001111101111111100111111111111110100111111111111010110101111111101110110111111111011010000000000001011011111111111100010 !
1&
1#
#810
0&
0#
#813
b111111110000000100011010000000001110011000000000100111010000000000100011111111111110100011111111110010111111111110100100 "
b11111111100100100000000010001010000000010010011100000001001010000000000010111101000000000111101000000000001100011111111110101000 !
1&
1#
#816
0&
0#
#819
b11111111011101011111111101010011111111110010000011111111010000101111111110110110111111111111001000000000100000110000000010101111 "
b11011001111111110110111111111110100100011111111010110011111111101001111111111110111000011111111100011101111111101101100 !
1&
1#
#822
0&
0#
#825
b11111111111100011111111101100100111111101111111011111111000010011111111110010001111111111101100000000000001110110000000000011011 "
b11111111010110011111111110100100111111111010111011111111110100101111111110001110000000000011110100000000101010000000000001110001 !
1&
1#
#828
0&
0#
#831
b11111111101111001111111101110111111111111000001000000000010110010000000001110111000000001100010000000000111011100000000001010011 "
b1001100010000000011001101000000001101001000000000100110110000000000100111111111111001100011111111011001011111111101011100 !
1&
1#
#834
0&
0#
#837
b11111110110101111111111011011100111111101111111111111111101010101111111111101001000000000101100100000000010100001111111111011100 "
b11111111110100011111111110100110111111110110000011111111010111101111111101100111111111111010100000000000001011101111111111011101 !
1&
1#
#840
0&
0#
#843
b11111110101100111111111100010110111111111111100100000000011111000000000100010000000000001101101100000000010110111111111101111111 "
b11111111011110001111111101100010111111111011110000000000001010110000000010010000000000000100111000000010010010000000000010111000 !
1&
1#
#846
0&
0#
#849
b11111111000110001111111110010100000000000001001100000000101101010000000010010101111111111111010011111111100000111111111100001000 "
b111110000000000110000000000001110011000000001000001010000000011000101000000000011001011111111011100001111111101011110 !
1&
1#
#852
0&
0#
#855
b101101010000000011001110000000010011101000000000110100110000000000010011111111111101000011111111000101011111111011000001 "
b1100101010000000101101001000000001101011111111111110011001111111101111111111111110110001111111111100000011111111110101100 !
1&
1#
#858
0&
0#
#861
b10001000000000000101111000000000000111011111111111000101111111110101010111111111000010011111111110001010000000000011111 "
b1011011100000000001110111111111110111011111111111011011001111111110000111111111111011111100000000000010110000001001110111 !
1&
1#
#864
0&
0#
#867
b11111111010000101111111110001100111111111100101111111111110111000000000000100111000000000011110000000000000000000000000001001001 "
b11111111100110111111111101100000111111110101100100000000101000100000000010000101111010011011011011110011111111000000000111001001 !
1&
1#
#870
0&
0#
#873
b11100000000001101010000000001110100000000001000011010000000100010001000000001000110011111111110110001111111110111011 "
b11111111100011011111111110010010111111100111110000000001001001010000000011111100000000101000110000000000110111000000000001010000 !
1&
1#
#876
0&
0#
#879
b11111111101111011111111111010101111111111011010111111111101011011111111110100001111111110110000111111111100100101111111110110010 "
b11111111010101000000000100100010111111111000011100001111011011111111110111110000000000001000110000000000110010011111111111011100 !
1&
1#
#882
0&
0#
#885
b100111000000000011100100000000000110100111111111101111111111111110010001111111110011000111111111000010111111111110001011 "
b11111111110110101111111110010111111111111001100000000000110101000000000010111101111111110001011011111111101100011111111110001111 !
1&
1#
#888
0&
0#
#891
b11111111100110101111111101110100111111110110110011111111011100001111111110010010111111111011000100000000000000010000000001110011 "
b11111111010111101111111110001110000000000110110100000000011010010000000001111001111111111000010011111111101100101111111101101010 !
1&
1#
#894
0&
0#
#897
b11111111011100011111111101101011111111111001010111111111101101001111111110110011111111111110100011111111111100011111111110010100 "
b11111111000100111111111101011011111111110110111111111111111111001111111111111011111111111000000011111111011010011111111110000001 !
1&
1#
#900
0&
0#
#903
b10011110000000000001101000000000100101111111111111111011111111111001001111111111011110111111111011010111111111110010101 "
b11111111110010101111111101110010111111110100010111111111101111001111111101001100111111110111000111111111110110011111111111001100 !
1&
1#
#906
0&
0#
#909
b100001000000000001111111000000000100001000000000010010110000000000110010111111111111011111111111111011010000000000110010 "
b11111111101010011111111110000001111111111110111111111111110110011111111110111000111111111010010011111111011000101111111110011010 !
1&
1#
#912
0&
0#
#915
b1101000000000000111101000000000011111100000000010001010000000001100001000000000110111000000000100000100000000001111111 "
b100100000000000001000001000000000010011100000000011110101111111111001101111111111100000111111111100001111111111111000001 !
1&
1#
#918
0&
0#
#921
b11111111111101011111111110111011111111111011110111111111101010011111111110101110111111111100010111111111111011100000000000010000 "
b1011000000000000000100111111111100111011111111101110011111111110111011111111111111010000000000000000010000000001001100 !
1&
1#
#924
0&
0#
#927
b11111111000100001111111100100000111111111000111111111111100100011111111111011000111111111111100111111111111001011111111111011101 "
b11111111100101111111111110001111111111111011111011111111110011000000000000110000000000000100100000000000011000110000000001101011 !
1&
1#
#930
0&
0#
#933
b101001100000000011110010000000010011101100000001000100010000000010010100000000000000111011111111010101011111111101011110 "
b10010010000000000011001000000000001010100000000000100111111111111100001111111111010110111111111101110011111111110100100 !
1&
1#
#936
0&
0#
#939
b11111111111100001111111110111110111111110110011011111111010110111111111110000011111111110111110011111111110110010000000001001101 "
b100010010000000001111110000000000101011100000000001110110000000001000111000000000100000000000000001101110000000000101011 !
1&
1#
#942
0&
0#
#945
b100111111111111100111111111111010101111111111100001001111111101001101111111111010100011111111110011101111111111001010 "
b11111111110011111111111111010011111111111100010011111111101110100000000000011000000000000010110100000000010011000000000010010110 !
1&
1#
#948
0&
0#
#951
b11111110111100101111111100001001111111110111101011111111100100001111111111010100000000000000101000000000001011100000000000011000 "
b11111111111001001111111111110101000000000001101000000000001010100000000001011110000000000110001100000000001011101111111111101001 !
1&
1#
#954
0&
0#
#957
b101100000000000100011111111111111101100000000000000101111111111001100111111110111011011111110111101111111111100100000 "
b10000000000001100111111111111111111111111111101001111111111110010111111111110011111111111111011111111111111100101 !
1&
1#
#960
0&
0#
#963
b11111111110110011111111111101001111111111110011100000000000010011111111111100001111111111111010111111111111111001111111110111101 "
b11111111110011011111111111001001111111111100011011111111110110101111111111011100000000000000110100000000000110100000000000101001 !
1&
1#
#966
0&
0#
#969
b1100010000000000111110000000001001011000000000100111100000000001011001000000000010001100000000000010101111111110101111 "
b11111111111100101111111111000101111111111101010111111111111011011111111111010000111111111101100011111111110101111111111111000011 !
1&
1#
#972
0&
0#
#975
b100011000000000001011010111111111111001111111111110111011111111111000110111111111101010111111111110111000000000000011010 "
b11111111101100101111111111000011111111111111110100000000000010010000000001000011000000000011001000000000001010100000000000000110 !
1&
1#
#978
0&
0#
#981
b11111111111111101111111110111000111111111010101111111111110100001111111111001001000000000000111100000000100100010000000001111001 "
b10111110000000001011001000000000100100100000000001111000000000000011101111111111111001011111111110101101111111110100111 !
1&
1#
#984
0&
0#
#987
b11111111101100101111111111111010000000000010000000000000010101100000000001010100000000000101000100000000001011011111111111110001 "
b11111111111110101111111111011101111111111110100011111111111111010000000000001110000000000010010100000000001110000000000000111110 !
1&
1#
#990
0&
0#
#993
b11111111111000101111111110111001111111111011111111111111101010011111111101111001111111111000111111111111011100111111111110011100 "
b101000000000000010111000000000000111000000000000111110000000000001101111111111111111000000000000000101111111111101000 !
1&
1#
#996
0&
0#
#999
b1100111111111101111001111111111100011000000000000010010000000001100011000000000010110111111111111110100000000000001011 "
b11111111110000001111111111000101111111111101100011111111110010101111111111111011000000000001010100000000000001100000000000010011 !
1&
1#
#1002
0&
0#
#1005
b1001001100000000010011000000000001001000100000000111001100000000110011101000000100001001000000001010111000000000011100010 "
b11111111111010101111111111111010000000000001100100000000001011110000000000001001000000000001010011111111111000011111111110110110 !
1&
1#
#1008
0&
0#
#1011
b1001011110000000100010111000000010000011000000000111110110000000100010101000000010100101100000001010111010000000101101110 "
b11111111111010111111111111100111111111111101111111111111110000101111111110111110111111111100010111111111110101111111111111101000 !
1&
1#
#1014
0&
0#
#1017
b11111111110101000000000001100011000000001100110000000001000101000000000100011001000000010000100100000001000101000000000100110101 "
b11111111111101101111111111101100000000000000111000000000001100010000000000110110000000000011100100000000001101110000000001000111 !
1&
1#
#1020
0&
0#
#1023
b11111101100001011111111000000110111111101101011111111111010011101111111111110001111111111001101011111111101010111111111110111101 "
b11101111111111010101111111111100000111111111101010101111111111000011111111111100101111111111101111011111111111001000 !
1&
1#
#1026
0&
0#
#1029
b11111100011000101111111011010110111111010101011011111101110001001111110110100110111111101010111011111101101100111111111000101000 "
b11111111101001011111111110000000111111111110100100000000001111100000000011000100000000001001111000000000011010100000000000110101 !
1&
1#
#1032
0&
0#
#1035
b11101001111110100100110000000010100010011111100110110111111101011001111000000000100010111111100011110101111111110001110 "
b11111111100111111111111111011011000000000000100011111111111110011111111111110010111111111001010111111111101010011111111110001111 !
1&
1#
#1038
0&
0#
#1041
b11000000000000100100111000000010000011100000000111110110000000011101101000000010101111100000000001011010000000011101110 "
b11111111100000011111111110001011111111111010010111111111101110101111111110011000111111111011000111111111101010101111111110100011 !
1&
1#
#1044
0&
0#
#1047
b11111111000100101111111111000000000000000011000100000000110010100000000110011001000000010010011000000001100011110000000100110101 "
b10100100000000000100010000000000011000100000000000000101111111111011001111111111001001111111111101001101111111110010000 !
1&
1#
#1050
0&
0#
#1053
b11111101011110011111111000111101111111100100100011111110001101011111111001110000111111011111111111111110000101111111111001110001 "
b11111111111101000000000000101100000000001000100000000000101001010000000010101111000000001000001000000000011011000000000000100011 !
1&
1#
#1056
0&
0#
#1059
b1001111110000000011100111000000011000111100000001000000001111111111100111111111111111001111111110001001111111111000000000 "
b1111111111111011110111111111011100111111111100111011111111101101101111111110111100011111111100000111111111110101011 !
1&
1#
#1062
0&
0#
#1065
b11111111110010010000000010011101000000001111111100000001000001010000000100101100000000010101100100000001001001100000000101001001 "
b100100000000000010110001000000001001111000000000010100000000000000110110000000000100100000000000010010110000000000000111 !
1&
1#
#1068
0&
0#
#1071
b11111110010101011111111101001110111111101011001111111110011000101111110111111001111111100011000011111110010100111111111100001111 "
b11111111110101011111111111011001111111111110101111111111111101110000000000100111000000000100100100000000010100100000000001100110 !
1&
1#
#1074
0&
0#
#1077
b111100110000000100010101000000011001110100000001101100110000000110000001000000010000111100000000011001111111111110110100 "
b10000010000000000010111111111111111010111111111110011001111111111000011111111111011010011111111100111011111111110110001 !
1&
1#
#1080
0&
0#
#1083
b11111111000100001111110101100001111111100011100011111110001110101111111100111001000000000001101100000000101001010000000011001010 "
b11111111110001001111111111011111111111111111100100000000000100000000000000110110000000000010001000000000001100000000000000100011 !
1&
1#
#1086
0&
0#
#1089
b1110100010000000010110111000000000110110000000001100010100000000001110101000000001100100000000000101011011111111110001001 "
b100111110000000010010011000000000000010111111111111010101111111110101011111111110111110011111111100000101111111110100110 !
1&
1#
#1092
0&
0#
#1095
b11111110010101011111111000000010111111101001101111111111010110011111111110001100000000001011010000000001000011110000000100100100 "
b11111111101101101111111110011010111111111010111000000000000000110000000000111010000000000100000100000000011100010000000011011101 !
1&
1#
#1098
0&
0#
#1101
b1011110110000000011101000000000010100010100000001100000110000000010101100000000001000010111111111011111111111111011011110 "
b11111111111010000000000000000010000000000000100011111111111100101111111111010110111111111100111111111111110000011111111111010100 !
1&
1#
#1104
0&
0#
#1107
b11111111011101101111111001000110111111011100110111111110001000111111111010001111111111110111010100000000001000100000000011100010 "
b11110000000000001011100000000000011100100000000000101110000000000000001111111111110100111111111111011011111111111010101 !
1&
1#
#1110
0&
0#
#1113
b1010000000000000110001000000000110111000000001001011000000000101110100000000011010011100000001010011100000000001011001 "
b100001111111111110111000000000001001000000000001010010000000001001011000000000101101100000000011000100000000001111010 !
1&
1#
#1116
0&
0#
#1119
b1100010000000000011010011000000010001111100000000000110011111111010101100111111101110100011111110110010011111111101111010 "
b10101000000000001001010000000000100101100000000011001110000000001011001000000000001110100000000000000011111111111111101 !
1&
1#
#1122
0&
0#
#1125
b11111101110011001111111000100110111111101100111011111111101110010000000001001010000000001100010000000000011010010000000011100111 "
b11111111110010111111111111100010111111111011111011111111110110110000000000001000000000000001000100000000001011100000000001101111 !
1&
1#
#1128
0&
0#
#1131
b101000100000000001101100000000011010011100000001100111010000000010100011000000001100110011111111001011101111111010101110 "
b11111111110001101111111111001111000000000000010111111111110110101111111111101010000000000000000011111111111000001111111111011010 !
1&
1#
#1134
0&
0#
#1137
b10000111000000000011111010111111101100101111111111000100011111110110000001111111100100100111111110001101101111111110000110 "
b11111111111011001111111110111101111111111001001111111111101000111111111110011001111111111011000011111111110010011111111111011011 !
1&
1#
#1140
0&
0#
#1143
b11111110101000111111110111111000111111100001110011111110010110011111111101100101000000001011010100000001000010000000000100101001 "
b1100110000000001011110000000000110000000000000011110000000000001100100000000000101001100000000001011000000000000000000 !
1&
1#
#1146
0&
0#
#1149
b11111101010110011111111010101000000000000000000000000000100001010000000101111100000000011100010100000000101001100000000000111011 "
b11111111111101101111111111110011111111111111001111111111111100101111111111110010000000000001111000000000001110010000000000110110 !
1&
1#
#1152
0&
0#
#1155
b11111110111010000000000110010001000000011010011000000000110110000000000011100110111111011110110111111101100100111111110010111011 "
b11111111101001001111111110101001111111111101101011111111111001010000000000101000000000000001010100000000001000100000000000110110 !
1&
1#
#1158
0&
0#
#1161
b11110010101111000000001100000011000000100001101100001010110010010001000111111011000101001010111100000111100111111111110101110100 "
b11111111110110111111111111001110111111111010110111111111101001111111111111000100111111111010000011111111100110111111111110011010 !
1&
1#
#1164
0&
0#
#1167
b11111111110111011111110000010111111110111010000000000001101011010000001101000010111111100001110000000001010100101111000010000101 "
b11111111100110011111111110011111111111111101001111111111111100001111111111111100000000000000100111111111111011111111111111010001 !
1&
1#
#1170
0&
0#
#1173
b11001001111111101101011001111111010001011111111000100011011111111001111101000000100010111100000001111001101111111110111001 "
b11111111110111011111111111000001111111111110110111111111110111111111111111000110111111111100001111111111110000001111111110011101 !
1&
1#
#1176
0&
0#
#1179
b110001101111111110010111111111111000000011111111111110101111111001101000000001001010101111111111011001011111100110100010 "
b10001000000000000101010000000000101001100000000010010010000000000010110111111111110010111111111110000101111111110101101 !
1&
1#
#1182
0&
0#
#1185
b111000011111111101010111111111101101101111111101100110111111111011101011000000010001010000000000100111111111111100001111 "
b10011000000000001000110000000000001000000000000000100101111111111011101111111111101110011111111111101001111111111110001 !
1&
1#
#1188
0&
0#
#1191
b1001100010000000000100000111111110100100011111110111100100000000010110010000000011000011100000001111001110000001001111111 "
b10100000000000001100100000000000110011000000000001010110000000000110001000000000010101000000000001010010000000001000111 !
1&
1#
#1194
0&
0#
#1197
b1011011010000000100101101111111111111111111111111111010011111111111111100000000000101101100000001011100100000000110011000 "
b11111111110011101111111111010101111111111100111111111111110010101111111111011011111111111111100100000000000111000000000000011010 !
1&
1#
#1200
0&
0#
#1203
b1100110000000000000100000000001000101000000000001101011111111110101101000000001000010100000000001100100000000001010011 "
b11111111101011111111111110011101111111111001100011111111100101101111111101111101111111111001111111111111101101111111111111000000 !
1&
1#
#1206
0&
0#
#1209
b11111111001001111111111011111100111111111100001011111111011011110000000010101110000000001011010100000000001000010000000010000101 "
b1000000000000000010111111111111011011111111111100001111111111100010111111111110010111111111110101101111111111011010 !
1&
1#
#1212
0&
0#
#1215
b11111111111000100000000000110111000000001101111000000000010000010000000000001101000000000101010111111111010100111111111101001000 "
b1101111111111111011000000000100011100000000010101100000000001001100000000000011100000000000000111000000000000011000 !
1&
1#
#1218
0&
0#
#1221
b110011100000000011110000000000000011010011111111101111101111111101100110111111110000011111111111000011101111111110011000 "
b11111111101110011111111110100100111111110110111011111111011011001111111101100110111111110110010011111111100110101111111111000001 !
1&
1#
#1224
0&
0#
#1227
b11111111100111111111111110111110111111111010001011111111110110000000000000011111000000000001101000000000100100110000000011011010 "
b10000110000000000110010000000000001100000000000000000000000000001010001000000001000010100000000001101110000000001000111 !
1&
1#
#1230
0&
0#
#1233
b11111111010001011111111101100010111111111011001111111111101001111111111110000101111111111011111011111111100010011111111101110011 "
b11100000000000001110000000000000111010100000000010110000000000001011110000000000101101100000000010110000000000000111111 !
1&
1#
#1236
0&
0#
#1239
b1111100000000010111011000000000111001000000000000011101111111111000010111111110011111011111111000111101111111100100000 "
b10111110000000001010100000000000110011000000000010010100000000000110101000000001000101000000000100101110000000010001100 !
1&
1#
#1242
0&
0#
#1245
b1001001111111111010101111111110101010111111111010011101111111101001101111111110101110100000000000000000000000000111001 "
b11111111111011010000000000000101000000000110111100000000100100100000000010101111000000001011000000000000101110010000000010010100 !
1&
1#
#1248
0&
0#
#1251
b11111111111011111111111111110001111111111101101011111111111010011111111111101010000000000000100100000000010100000000000001100100 "
b11111111110000100000000000000111111111111111110100000000000001001111111111100100111111111110000011111111110010101111111111011011 !
1&
1#
#1254
0&
0#
#1257
b11011110000000001110110000000000100000000000000000010111111111111100001111111111001011111111111110010111111111111000101 "
b11111111111111011111111111101110111111111011011111111111100001011111111110000000111111111000100011111111100010011111111110111001 !
1&
1#
#1260
0&
0#
#1263
b1101010000000000010010000000000010001100000000000110011111111111111011000000000001001100000000000101010000000001000000 "
b10100110000000000110011000000000110000000000000010111000000000010000100000000000110001000000000010110010000000000110100 !
1&
1#
#1266
0&
0#
#1269
b10101100000000000010001111111111011111011111111011110011111111101100100111111111100101111111111101110100000000000001000 "
b11111111110101110000000000000111000000000000111000000000000010110000000000101001000000000001100000000000001000010000000000101001 !
1&
1#
#1272
0&
0#
#1275
b11111111011011111111111101000001111111110100100111111111011111111111111111011110000000000011111000000000100100100000000010111010 "
b11111111100110111111111110100100111111111011101011111111111101101111111111100101111111111110001111111111110100101111111111010101 !
1&
1#
#1278
0&
0#
#1281
b1101010000000000011000000000000001011111111111111101101111111111000011111111111100001011111111100110111111111101111010 "
b11111111111010111111111111010011111111111011111111111111100011111111111101100010111111110110010011111111010110111111111101110011 !
1&
1#
#1284
0&
0#
#1287
b11111111111001001111111110110100111111111101110011111111110000011111111110110010111111111111011111111111111001110000000000100000 "
b11111111111110001111111111100110111111111101100101111111110010100111111111001011111111111111001101111111111110110 !
1&
1#
#1290
0&
0#
#1293
b10001000000000001000110000000000010100111111111111101011111111111011101111111111111000011111111110101001111111111001100 "
b1001001111111111010111111111111111011111111111101100001111111110100010111111111100100111111111110111110000000000001011 !
1&
1#
#1296
0&
0#
#1299
b11111111111110001111111110001110111111111010010111111111100001111111111111011001111111111111100100000000001111100000000010000101 "
b11111111110101111111111111001000111111111101001011111111110110000000000000000110000000000010001100000000001010010000000001001010 !
1&
1#
#1302
0&
0#
#1305
b11111111111110010000000000100011000000000011111000000000001101010000000001010010000000000110000000000000001011000000000000110001 "
b11111111111001111111111111010010111111111111010011111111111100010000000000001001000000000000000000000000000011110000000000001010 !
1&
1#
#1308
0&
0#
#1311
b11110000000000101001111111111010000111111111011110111111111110011101111111110100100111111111100110101111111111010000 "
b11111111111011101111111111100100111111111100101011111111101111011111111110101011111111111011110011111111111010101111111111011111 !
1&
1#
#1314
0&
0#
#1317
b11111111111111100000000000110001000000000110011100000000010100100000000001000100000000000101110000000000010010110000000000110000 "
b11111111101110011111111110100111111111111100111111111111111000100000000000001000000000000110011000000000010001010000000000011011 !
1&
1#
#1320
0&
0#
#1323
b101110010000000000101111111111110100110011111110110111011111111011011000111111110010000011111111011010011111111111100001 "
b11111111101001001111111110001110111111111110111000000000000110000000000000111000000000000000000111111111111010011111111111100111 !
1&
1#
#1326
0&
0#
#1329
b1001011111111111011100111111111000011011111111100111001111111111101110000000001010000100000001001000100000000101100101 "
b11101100000000010010000000000000110100000000000010111011111111111110100111111111101101111111111101100101111111110100101 !
1&
1#
#1332
0&
0#
#1335
b101010010000000001000101000000000010010000000000010100100000000010001000000000001000111100000000110100100000000001110011 "
b11111010000000010011111000000000111111000000000010110010000000001001101000000000011010000000000010010100000000000111100 !
1&
1#
#1338
0&
0#
#1341
b11111111011100101111111110001111111111111000111111111111111100010000000000110111000000001001011100000000100100010000000010110111 "
b10100000000000000010010000000000001001111111111111011011111111111011001000000000001111000000000001001010000000001111111 !
1&
1#
#1344
0&
0#
#1347
b11111111100111001111111011110111111111101110111111111111000001011111111100011011111111111001101011111111011101011111111110000110 "
b10010100000000000101011000000000001101100000000000111000000000000000010000000000001100000000000010110110000000001011011 !
1&
1#
#1350
0&
0#
#1353
b11111111101100011111111111101110000000000111111100000000110011110000000100111110000000010101100000000000110100100000000000111101 "
b11111111101100001111111110111000111111111011010011111111111011010000000000011101000000000010001000000000011011010000000001100110 !
1&
1#
#1356
0&
0#
#1359
b11111111000110001111111100010000111111110110101111111111100010101111111101101000111111111010011011111111011101011111111110100001 "
b11111111011110101111111101101110111111110111111111111111101101011111111111000110111111111101001111111111110000111111111111011101 !
1&
1#
#1362
0&
0#
#1365
b1001110000000000011011000000000001101100000000000001111111111111011000111111110111101111111111000100111111111100010000 "
b11111111101000101111111110101111111111111100011111111111110101111111111111010101111111111010110011111111100111011111111101111110 !
1&
1#
#1368
0&
0#
#1371
b11111111011100011111111111000011000000000001011000000000001111000000000001111000000000001000010000000000011111000000000001100111 "
b100011100000000001010111000000000100011000000000010000111111111111001101111111111110010111111111100110111111111110010000 !
1&
1#
#1374
0&
0#
#1377
b111101111111111111000111111111110010011111111110101111111111110110110111111111010111011111111100000011111111110001110 "
b1110000000000000110010000000000000010111111111110100011111111110101010111111111110011100000000000000010000000000111110 !
1&
1#
#1380
0&
0#
#1383
b11111110111110011111111101011011111111111110101000000000011011100000000011001011000000001101111000000000110000100000000001011000 "
b11111111100101001111111110011110111111111101011111111111111010010000000000111011000000000101011100000000011101010000000001111010 !
1&
1#
#1386
0&
0#
#1389
b100011010000000010111101000000000011111100000000000001011111111110010110111111101111000011111110110101101111111001011001 "
b1100110000000000110010000000000000101100000000000011101111111111011101111111111011101011111111101101011111111110010010 !
1&
1#
#1392
0&
0#
#1395
b11111111110111111111111111101110111111111110101111111111110010111111111111111001000000000011000000000000011001100000000001101000 "
b100100000000000001101111000000000101111100000000001110100000000000111001000000000100101000000000001011110000000000110101 !
1&
1#
#1398
0&
0#
#1401
b11111111010100011111111101101110111111111011000000000000000010000000000000100000000000000010101000000000000000101111111111111101 "
b11111111110110011111111111010110111111111011101111111111110010010000000000010010000000000100000000000000010100010000000010010010 !
1&
1#
#1404
0&
0#
#1407
b11111111111111000000000000000000111111111110001011111111101101011111111101111101111111110101001011111111001010001111111100010111 "
b11111111110110010000000000000111000000000001100000000000000011000000000001100110000000000110011000000000001111001111111111111001 !
1&
1#
#1410
0&
0#
#1413
b11111111010111101111111101000110111111110101100111111111011010011111111110110010111111111111001011111111111101000000000000010011 "
b11111111001101011111111100111110111111110110101111111111010111001111111101010000111111111010010000000000010100110000000001000100 !
1&
1#
#1416
0&
0#
#1419
b10011010000000001111010000000000011001011111111111001001111111111011100111111111011000011111111101100011111111101111110 "
b11111111001010111111111100110010111111110011010011111111001011101111111100101100111111110100001011111111010110001111111101101101 !
1&
1#
#1422
0&
0#
#1425
b110000000000000100000111111111110111100000000000000011111111111010101111111111101000000000000001101010000000000100010 "
b11111111001011101111111100111010111111110011000011111111001011001111111100101100111111110011000111111111001111111111111100101000 !
1&
1#
#1428
0&
0#
#1431
b1111010000000010010110000000001000101000000000011001000000000010010100000000000011001000000000001000110000000001010110 "
b100111010000000000111001000000000000010111111111111110101111111110100010111111111100010011111111101000111111111100101111 !
1&
1#
#1434
0&
0#
#1437
b11111111100100001111111101000011111111110101101111111111010010001111111100110111111111110111000111111111100111101111111111100011 "
b1110110110000000100111010000000001001011100000000110001010000000110110010000000010010100100000001000011000000000100010010 !
1&
1#
#1440
0&
0#
#1443
b1010010000000000010011000000000000011011111111111111101111111111010110111111111101101011111111110010101111111110011011 "
b1001000000000000110010010000000001101011100000011111010100000011010110110000000010101100100000010000110000000001001101010 !
1&
1#
#1446
0&
0#
#1449
b11110110000000010010101111111111111001011111111101110101111111110110010111111111000010111111111101011001111111111101111 "
b11111111010110111111111101001111111111110111110011111111100011001111111111010000000000000111000000000000011010000000000110001010 !
1&
1#
#1452
0&
0#
#1455
b111010000000001010010000000000010001000000000001100110000000001011110000000000110110000000000101111110000000010110001 "
b11111111001011101111111100110001111111110011001111111111001101001111111100110010111111110011100011111111001101001111111101001011 !
1&
1#
#1458
0&
0#
#1461
b101000010000000000101100111111111111110111111111111010011111111111000101111111111101011100000000001001110000000000001110 "
b1010000010000000011011000000000010001100100000001000010110000000010011001000000000100100011111111101011001111111101101111 !
1&
1#
#1464
0&
0#
#1467
b1110111111111111111000111111111110000011111111111001000000000000001110000000000111001100000000100100110000000011001111 "
b11111111110010110000000000101101111111111111001000000000011101110000001011101010000000010110100100000001001110100000000100011100 !
1&
1#
#1470
0&
0#
#1473
b11111111010110111111111100100110111111111000100111111111101000100000000000000101000000000110111000000000001111010000000001100101 "
b11111111001101111111111100110010111111110011101011111111001111101111111101010111111111110101101011111111011101011111111110000011 !
1&
1#
#1476
0&
0#
#1479
b11111111100011001111111101101111000000000001010100000000000100010000000001000100000000000111100011111111110101011111111111001100 "
b111100000000000011100001000000001111101000000000111011110000000010110101000000001011010011111111011001011111111100111011 !
1&
1#
#1482
0&
0#
#1485
b11111111001100001111111110000011111111111011110011111111110110011111111110111100111111111011101111111111011011101111111101010000 "
b11111111010110001111111101101111111111111000101011111111101010100000000000110011000000010000100100000000111001100000000100001001 !
1&
1#
#1488
0&
0#
#1491
b1001110000000000101011000000000100110100000000011000100000000001000100111111111110100111111111100110111111111101110111 "
b100010010000000001100101111111111000011011111111011000101111111100111101111111110011100011111111001101001111111101001100 !
1&
1#
#1494
0&
0#
#1497
b11011110000000001110101000000001011001000000000101110000000000010011001000000000110000100000000010000000000000000101110 "
b11111111100000001111111110111111111111111100110100000001000100000000000001101010000000010000000100000001001001100000000100100100 !
1&
1#
#1500
0&
0#
#1503
b11111111110111011111111111111100000000000000101011111111111010011111111111111100111111111111010111111111111001110000000000011111 "
b101001111111111111010111111110111000011111111001110011111111100110111111111110100100011111111010011101111111100110000 !
1&
1#
#1506
0&
0#
#1509
b11111111101110101111111110010010111111110111000011111111011111011111111110100111111111111010011111111111101111101111111111011001 "
b11111111100011111111111110001100111111111100110100000000010111110000000100111001000000011001100100000001000110100000000010110001 !
1&
1#
#1512
0&
0#
#1515
b10001110000000010100010000000010001000000000001000110010000000100101101000000010000110000000000011000100000000000110000 "
b100001100000000000101110111111111111100111111111011010111111111101000110111111110100001111111111010001111111111100111010 !
1&
1#
#1518
0&
0#
#1521
b11111111110010110000000000111000111111111011000111111111001011001111111100111011111111101110111111111111011111011111111110100110 "
b11111111010000101111111101010101111111111000100011111111110010010000000000101001000000001111101100000001001011100000000011011100 !
1&
1#
#1524
0&
0#
#1527
b11111111010110001111111110000101111111110111011011111111011101001111111101000100111111110001000111111111011110101111111111111011 "
b100000000000100110000000000000111010000000000111110100000000000001110111111110111000111111111010010101111111101000110 !
1&
1#
#1530
0&
0#
#1533
b11111111101001111111111110011100111111111011110011111111100000111111111101010001111111110001000011111111001001001111111100111000 "
b11111111111110000101111111110110011011111111010100011111111101100011111111111001011111111111110000101111111111101100 !
1&
1#
#1536
0&
0#
#1539
b11111111111000101111111110001101111111110001000011111110111011111111111011101001111111101110000111111110111011001111111101101001 "
b11111111011100011111111111001100000000000010011011111111100000000000000000010110000000010101100000000000010010110000000001110010 !
1&
1#
#1542
0&
0#
#1545
b11111111110111001111111110111010111111111101100011111111110111000000000001010010000000000110101000000000011001100000000001010010 "
b1101000110000000111100110111111111111110100000000101000100000000001010000111111111001100111111111010110101111111101010111 !
1&
1#
#1548
0&
0#
#1551
b11111111101101110000000000101110000000000111100000000000110111110000000011110111000000001100001100000000100101100000000000011110 "
b101110010000000010101100111111111110100111111111011000001111111101111100111111110111100011111111110111001111111111101111 !
1&
1#
#1554
0&
0#
#1557
b11111111100011101111111110100000111111110010011011111111010110111111111101000101111111110010100111111111011011011111111110000011 "
b11111111100001101111111110000000111111110111000111111111100010001111111110111101000000000011000100000000001110000000000100011011 !
1&
1#
#1560
0&
0#
#1563
b11111111111110001111111111100100111111111110000111111111110010111111111111001001111111111101011111111111110101011111111111001010 "
b11111111101100111111111111100100111111111011110100000000001100010000000111100101000000010111111111111111111001010000000001001011 !
1&
1#
#1566
0&
0#
#1569
b100000000000000000100010111111111111001100000000000100110000000000111000000000000010011100000000010100100000000000011010 "
b1000000111110111100110000111111000111010100000001000000010000000010011001111111111011110011111111011100101111111101010100 !
1&
1#
#1572
0&
0#
#1575
b11111111110010011111111111101110000000000111001100000000101101110000000011110000000000010011111000000001000100010000000010110101 "
b11011011011110000000000000011111000000001111001000000000010010001111111111001000111111111000110111111111011111011111111110001001 !
1&
1#
#1578
0&
0#
#1581
b11111111111001110000000001001100000000001001011000000000101110010000000010001110000000000010011011111111101010101111111110111111 "
b11111010101001110000000011111011000000010011101011111111010111111111111101001001111111110110011011111111011011100000001111000000 !
1&
1#
#1584
0&
0#
#1587
b11111111101011110000000001000010000000001000111100000000101101010000000001101011111111111110011011111111100110001111111101110000 "
b110111000000000110100000111111111000101111111111010111101111111110011111111111110011010111111111111100100000001101111000 !
1&
1#
#1590
0&
0#
#1593
b1000000000000001111100000000000110000111111111110010111111111111111100111111110111011011111111001010001111111110100000 "
b10010111111111110111010111111110111100111111111011000011111111011110110000000000000110111111111101111010000000101100100 !
1&
1#
#1596
0&
0#
#1599
b110110000000001010101111111111110001011111111110010101111111111001110111111111001011011111111111001010000000000111110 "
b11111111111011111111111110011111111111111001100011111111011110111111111110001110111111111000011011111111101111010000000001010010 !
1&
1#
#1602
0&
0#
#1605
b1001010000000001001001000000000110101000000000011010100000000000111011000000000001000000000000000110110000000000101000 "
b1001001111111111110101000000000001101000000000010100000000000011010111111111111110010111111111110010010000000000101110 !
1&
1#
#1608
0&
0#
#1611
b110000010000000001011010000000000010011111111111101010011111111101101011111111110101111011111111100001101111111110101111 "
b11111111100011011111111101101011111111111001001011111111110000001111111111101100111111111000000000000000000011000000000001010000 !
1&
1#
#1614
0&
0#
#1617
b11100010000000001000111111111111010001011111111011010011111111110100110111111111100010000000000000001100000000010110010 "
b11111111100111001111111111000001111111111111001000000000001000001111111111001010111111111010101111111111110101001111111110101000 !
1&
1#
#1620
0&
0#
#1623
b11111111001001101111111011110111111111110100110111111111010101100000000000000101000000000111001100000000110011000000000011100111 "
b11111111110010001111111110110010111111111001010111111111011111011111111101101011111111110110001011111111011110101111111110001111 !
1&
1#
#1626
0&
0#
#1629
b11111111000101101111111100100010111111110111011011111111110101101111111110101011111111111101001111111111011001111111111100101111 "
b11101111111111101011000000000000001011111111111101001111111111101101000000000000101111111111111111000000000000000001 !
1&
1#
#1632
0&
0#
#1635
b11111111100101000000000000001110000000000101100000000000001101100000000000100111111111111000110111111111010111111111111100000000 "
b1000000000000101100000000000011111100000000010000110000000000110111000000000100000000000000000101000000000000011100 !
1&
1#
#1638
0&
0#
#1641
b11111111110000011111111111110101000000000010001111111111110111111111111110110101111111110110101111111111000101001111111110001110 "
b11111111111011101111111111110101111111111110101011111111111001001111111111101001111111111110001000000000000000100000000000101110 !
1&
1#
#1644
0&
0#
#1647
b100111110000000010001110000000000010011000000000000000101111111110000111111111110110000011111111001001101111111101010111 "
b11111111101000111111111101110010111111110111110111111111011110011111111101111100111111111001110011111111110101111111111111010100 !
1&
1#
#1650
0&
0#
#1653
b111111000000000011100001000000000110010000000000001001010000000000010010000000000000101100000000010110000000000001000001 "
b11111111111111011111111111111010111111111111011100000000000111110000000000000110111111111110110111111111110001001111111110111101 !
1&
1#
#1656
0&
0#
#1659
b11010010000000000101000111111111110100111111111110111111111111111111001000000000110011100000000101011110000000011110000 "
b10110100000000001001001111111111110111111111111111000111111111111001000111111111110101100000000000010100000000000010001 !
1&
1#
#1662
0&
0#
#1665
b11111111010000111111111100000010111111111010000111111111101001110000000000100011000000000111111100000000101011110000000010010011 "
b11111111110101001111111111000011111111111101001011111111110111101111111111111010000000000011101000000000011011100000000001111110 !
1&
1#
#1668
0&
0#
#1671
b11111111100010011111111111101011000000001101000100000000011001010000000000110001000000000010111111111111001101011111111101100011 "
b11111111110101101111111110110100111111111100111011111111110001101111111111000000111111111110001111111111111110001111111111101101 !
1&
1#
#1674
0&
0#
#1677
b101001000000000010100111000000000000000111111111101101011111111110001111111111110000110011111110111001111111111101010000 "
b1100100000000000110010000000000100010100000000001101100000000000101111000000000011000100000000000100010000000000000011 !
1&
1#
#1680
0&
0#
#1683
b11111111101100001111111110000111111111111000111011111111110101000000000000101011000000000101001000000000101110010000000011100111 "
b11111111110111011111111111110100111111111101001011111111110110000000000000000000000000000001100100000000000011110000000000100010 !
1&
1#
#1686
0&
0#
#1689
b11111111010010001111111101101100111111111010010011111111101010101111111110001000111111111010111111111111101100011111111101110111 "
b10111000000000001001101000000000111100000000000100111110000000010011010000000000111101100000000011001100000000000010011 !
1&
1#
#1692
0&
0#
#1695
b10100100000000010100101000000001000010111111111111010011111111110110000111111110100001011111111000010001111111100110101 "
b10010000000000111010000000000111001100000000011111100000000010001101000000000111001000000000010110110000000001011011 !
1&
1#
#1698
0&
0#
#1701
b111101111111111111010111111110110111111111111010011101111111100101010111111110101001011111111110111110000000000110011 "
b11111111111111111111111111101011111111111110000011111111111001001111111111010000111111111010111111111111110000111111111111111000 !
1&
1#
#1704
0&
0#
#1707
b1110001110000000111100111000000010010110100000001000101110000000001001000111111110101110100000000000001100000000000111100 "
b10101000000000000101101111111111101100011111111110100011111111110111010111111111110111111111111110110101111111111011000 !
1&
1#
#1710
0&
0#
#1713
b1001011010000000101110001000000010111000000000001010101100000000011111000000000000110110100000000011000100000000011001000 "
b11111111100100111111111110011001111111111100001000000000000001110000000000011100000000000111010100000000101000000000000010100000 !
1&
1#
#1716
0&
0#
#1719
b1000011000000000100001101000000010010010100000001010001010000000100011101000000001111100000000000111000100000000011110110 "
b11111111110010111111111111100110111111111110000100000000001010000000000001000000000000000000011111111111110010111111111111100100 !
1&
1#
#1722
0&
0#
#1725
b11111111101100011111111101001011111111111010101111111111111001101111111111101011000000000101111100000000101110110000000011111001 "
b101100000000000000011000000000011011000000000010001110000000001001111000000000000101011111111111010111111111111000001 !
1&
1#
#1728
0&
0#
#1731
b11111110001100011111111100101011111111101001000011111101111111101111110111000000111111100010111011111110010001101111111100000111 "
b1001100000000000100011000000000010001111111111111001001111111111010010111111111101000011111111110000111111111111110101 !
1&
1#
#1734
0&
0#
#1737
b11111011001010111111110110000000111110111111111011111011001111001111101011110010111111001011010111111101011000001111110110100100 "
b11111111111110010111111111111110000000000000100100000000000011001000000000000010100000000001101000000000000111110 !
1&
1#
#1740
0&
0#
#1743
b1010001000000000111010100000000010011110111111111101111101111111110010001111111101111000000000000001111101111110011110000 "
b11111111110100101111111111011001111111111101001011111111110101001111111111011011111111111101001111111111111001100000000000000001 !
1&
1#
#1746
0&
0#
#1749
b1100000110000000101111110000000011100011100000000111100110000000010001100000000001011010100000000100010000000000110000011 "
b11111111101000101111111110011010111111111001001111111111100110111111111110110110111111111011001011111111110010111111111110101101 !
1&
1#
#1752
0&
0#
#1755
b11111110000011011111110111100111111111100000000111111110011010001111111101001010111111111100001100000000011000110000000100001001 "
b11111111111000011111111111110011111111111111110011111111111000001111111111100000111111111100010011111111110011011111111110111111 !
1&
1#
#1758
0&
0#
#1761
b11111111011110111111111110100100111111100000110011111101111011001111110101100010111111101001011111111110010111111111111010010101 "
b111111111111101011111111111101010111111111111101111111111111011110111111111111011111111111111111111111111111101010 !
1&
1#
#1764
0&
0#
#1767
b1011100100000000101101101000000010000011000000001011110110000000011001000000000001100011000000001111000110000000010110100 "
b1110110000000001010000000000000110011100000000100001100000000010010110000000000111010100000000001111000000000000100010 !
1&
1#
#1770
0&
0#
#1773
b11111110010011101111110110101010111111100100011111111110000011111111111011111101111111111111011100000000111110000000000011111011 "
b11111111101110111111111110111000111111111011000111111111101011101111111110110001111111111011000111111111110000111111111111110011 !
1&
1#
#1776
0&
0#
#1779
b1101010000000000100010111000000000101110111111110111110101111111011110011111111101100101111111110110010111111111101001001 "
b100011000000000001011010000000001100000100000000110010000000000010010011000000000001111000000000001010111111111111111000 !
1&
1#
#1782
0&
0#
#1785
b11111111011111100000000001001010000000001100011100000000110011110000000011101010000000001100110100000001010110100000000111110011 "
b10000000000000001011011000000000101101000000000011001010000000001100101000000000111010100000000010110110000000001110010 !
1&
1#
#1788
0&
0#
#1791
b1000111101111111111011001111111111001011111111111000011101111111001011001111111010110111011111110000011001111111000100111 "
b11111111101100101111111110111100111111111100010111111111110011101111111111011000111111111101010011111111111111100000000000011101 !
1&
1#
#1794
0&
0#
#1797
b11111111111011101111111111110110000000001110100100000001010010000000000100000001000000011110111000000001011001100000000010100111 "
b11001000000000010000001000000000110101000000000001010110000000000001110111111111101101111111111110011011111111110110110 !
1&
1#
#1800
0&
0#
#1803
b1001101110000000000101100111111101111101111111110001011101111110110100100111111011011110111111110100010011111111100101000 "
b11111111101011111111111111010101111111111101100011111111101011101111111111100000000000000001000100000000001100100000000001010100 !
1&
1#
#1806
0&
0#
#1809
b11111111010000111111111111001010000000000111101000000000101100010000000010110101000000010011111100000001100110100000000111000101 "
b11111111101000001111111110110001111111111100111111111111110011001111111110101110111111111100001011111111110011011111111111000110 !
1&
1#
#1812
0&
0#
#1815
b1110111100000000101011010000000000111110111111111010100101111111011000100111111011110110111111101111111111111111011010000 "
b1110000000000000110011111111111100000011111111110001011111111110000010111111110111101011111111011010101111111110000001 !
1&
1#
#1818
0&
0#
#1821
b11111110101110001111110111111100111111101100101011111111010011110000000000100100000000001010010000000001001001110000000111000000 "
b11111111110011011111111110111001111111111010000011111111011100101111111101111111111111111100000100000000000010110000000000101001 !
1&
1#
#1824
0&
0#
#1827
b10111100000000010101100000000001101110100000001110101000000000100110101000000001101100100000000101000001111111001001101 "
b10011100000000001000101000000000001011000000000000101000000000000101111000000000100101100000000001101110000000000010000 !
1&
1#
#1830
0&
0#
#1833
b11011110000000000100111000000001011110011111110100110011111111010100100111111100111101111111111000001101111111110010110 "
b11111111111100111111111110111010111111111100101111111111110100001111111111101110000000000011101000000000010010000000000001100001 !
1&
1#
#1836
0&
0#
#1839
b11111101101010001111111000111010111111110001000011111111100000100000000011001101000000000111111100000000100110010000000111111110 "
b11111111101110101111111111000111111111111101101000000000000011000000000000111110000000000011000000000000010000000000000000011101 !
1&
1#
#1842
0&
0#
#1845
b11111110110000000000000000001011000000011001001000000010001011100000000001010111111111111011011111111111100111011111110111001010 "
b11111111111110101111111111110010111111111111011111111111111000110000000000010000000000000000010111111111111001001111111111010101 !
1&
1#
#1848
0&
0#
#1851
b11110110000000101011100000000011000101100000000101101000000000000101111111111100110000111111110001010001111110111111111 "
b101100000000001000011000000000001011100000000001010100000000001000001000000000100011000000000001010100000000000010011 !
1&
1#
#1854
0&
0#
#1857
b11111111100100101111111110101010111111100111101011111101110101111111111010011011111111101000110111111111110010110000000000111001 "
b110100000000000100111000000000001101000000000001010100000000001100110000000000110100000000000001110000000000000101011 !
1&
1#
#1860
0&
0#
#1863
b1011001101100000110111001110000000010011000111111111011000001111111110110001000000001011001000000010000111000000000101110011 "
b11111111101001011111111110100111111111111011110111111111111101111111111111101101000000000000010000000000000111010000000000010001 !
1&
1#
#1866
0&
0#
#1869
b11101001000101111111100111001000000001101011111110101010010011111011111011001000000101011011000000001011000100000011111111001 "
b11111111101111001111111111010001111111111110110011111111111110111111111111100101111111111011110111111111101110001111111110110100 !
1&
1#
#1872
0&
0#
#1875
b1111111010000001001110100111010111101101011110011001010100000010011100001111111101111000100001110111111000001011000000001 "
b10111000000000000100111000000000001111000000000000000111111111111101011111111111100111111111111110000111111111110110010 !
1&
1#
#1878
0&
0#
#1881
b1111100110000001010000000111111001000110011111101001011001111110011100000111111001000010000000101100100100000010110010101 "
b111100000000001000010000000000101000000000000010101110000000010000010000000000111011100000000010110110000000000100101 !
1&
1#
#1884
0&
0#
#1887
b101010010000000110100110000000111110010000000010011011000000000010010110111111000010011011111110001001111111111001110001 "
b11111111100010011111111110000111111111111010011111111111110000101111111111001111111111111111000100000000000101100000000000011010 !
1&
1#
#1890
0&
0#
#1893
b11111111101011000000000011000010000000011110111100000001101011110000000010110000111111111001111011111101111010011111111001010000 "
b10000010000000001010011000000000101001000000000010110000000000000101010111111111011111111111111100101111111111110101110 !
1&
1#
#1896
0&
0#
#1899
b11111110110101001111111111011011111111110011011111111111100011010000000000101010111111111100101011111111001101101111111100010010 "
b100011010000000010011000000000000111011100000000011111000000000001110011000000000100010100000000001001010000000000110010 !
1&
1#
#1902
0&
0#
#1905
b110011010000000100100101000000000001111000000000011101000000000001011100111111111111100100000000100110001111111110100011 "
b11111111100101011111111110011000111111111110001000000000001101010000000001111011000000001001011100000000100111000000000010011001 !
1&
1#
#1908
0&
0#
#1911
b100101111111111111011000111111111011100100000000000000001111111111100000000000000010110000000000101010000000000001000111 "
b11010110000000000110101000000001000011100000000010011111111111111010110111111111111000111111111110000101111111110001111 !
1&
1#
#1914
0&
0#
#1917
b1000000000000000111101000000001000001100000000110110100000000011110100000000010100111100000000110100100000000001100010 "
b11111111110110011111111111111101000000000000101100000000001110100000000000110010000000000001000100000000000111000000000001001011 !
1&
1#
#1920
0&
0#
#1923
b11111111111101110000000000011111000000000000101011111111110101001111111111010011111111111011001011111111101111111111111111100100 "
b11111111110101101111111111010001111111111100111111111111101001101111111110000101111111111000001011111111100100101111111110100111 !
1&
1#
#1926
0&
0#
#1929
b11111111100111111111111110011000111111111010110011111111010111011111111110101110111111111010010011111111101001001111111111111101 "
b11111111101110111111111110101110111111111101110111111111101000101111111110010011111111111100100011111111110011011111111111110101 !
1&
1#
#1932
0&
0#
#1935
b11111111111100010000000001000110111111111111110100000000000110000000000000111101111111111110011011111111111100011111111111101010 "
b11111111111001001111111111111010000000000001111100000000001110000000000000111000000000000011001100000000000100111111111111100011 !
1&
1#
#1938
0&
0#
#1941
b110000010000000011100001000000001110110100000001000010000000000010010011000000000011010000000000001000011111111111100100 "
b111110000000000101110000000000011100100000000010010110000000000100000000000000000110111111111110110001111111111010011 !
1&
1#
#1944
0&
0#
#1947
b11111111111011001111111111001001111111111110000011111111101001011111111111001000111111111110101011111111111100000000000000111101 "
b11111111110011011111111111010110111111111100110011111111101011101111111110110000111111111011010011111111101010011111111111011100 !
1&
1#
#1950
0&
0#
#1953
b11111111110010101111111111111110000000000011010000000000000110001111111111110011111111111111011011111111111100011111111111110101 "
b11111111111111001000111111111000110011111111011100001111111101110100111111110111110011111111100101111111111110100101 !
1&
1#
#1956
0&
0#
#1959
b100000110000000010011001000000000111010000000000001001001111111101110100111111110000100011111110111110101111111100100001 "
b10010111111111111111100111111111101101111111111110011111111111111100100000000000000111100000000001001110000000000011001 !
1&
1#
#1962
0&
0#
#1965
b10101110000000001101001000000000101111000000000001011001111111111110100111111111101011011111111110100100000000000100010 "
b11111111111001101111111110111111111111111011110111111111110001111111111111011011000000000010101100000000001011110000000000110111 !
1&
1#
#1968
0&
0#
#1971
b11111111100011101111111110101010111111111010011111111111011010001111111110011011111111111010000011111111101100100000000000011110 "
b11111111101001101111111110100011111111111100111000000000000101110000000000000101000000000000111000000000001110001111111111101101 !
1&
1#
#1974
0&
0#
#1977
b1000000000000000110111000000000011000111111111111101000000000000000011111111111101011011111111101100101111111111001010 "
b1001100000000000101011000000000001111000000000000101111111111111110110111111111100000111111111110001111111111110100001 !
1&
1#
#1980
0&
0#
#1983
b11111111101001101111111100111010111111101011101011111111000000101111111011111000111111110011101111111111110101100000000000001110 "
b10110000000001001101000000000101111100000000011101000000000001111111000000000110001100000000010110110000000000100010 !
1&
1#
#1986
0&
0#
#1989
b11111111100110101111111101011101111111110010101111111111000101001111111100110110111111111001001111111111101110011111111110011110 "
b11111111110110001111111111100100000000000000101011111111110111111111111111101100111111111100111011111111110100011111111111111000 !
1&
1#
#1992
0&
0#
#1995
b11111111110100000000000000001100000000000001000100000000010001010000000010010000000000000110100100000000010000010000000000000111 "
b101000000000001000111000000000011011000000000010010000000000001001000000000000000101011111111111101101111111111110010 !
1&
1#
#1998
0&
0#
#2001
b11111111110101001111111111010010000000000101001100000000001111010000000000011110000000000011000000000000000010111111111111010101 "
b1011110000000001000010000000000010111100000000001011001111111111011001111111111011010111111111110100011111111111101100 !
1&
1#
#2004
0&
0#
#2007
b1000101100000000010101011000000000011101111111111100101101111111100001010111111101100100011111110110110111111111101001110 "
b10110100000000000110000000000000001111111111111110111001111111111001101111111111101010011111111111111000000000000101001 !
1&
1#
#2010
0&
0#
#2013
b110100000000000010000111111110111101011111111010011001111111110111010111111111101111100000000001111010000000010101010 "
b11111111101111010000000000000001000000000010001000000000001110110000000001001100000000001000001100000000100101010000000001111001 !
1&
1#
#2016
0&
0#
#2019
b11111111110100111111111101110110111111110001111011111111100100011111111110010110000000000001100000000000100110100000000001011010 "
b100000100000000000110011000000000000101011111111110100101111111110111100111111111010001111111111101100011111111110111010 !
1&
1#
#2022
0&
0#
#2025
b11111111011111111111111111001000000000000001111000000000000001000000000000110110000000000101111100000000010011100000000000000111 "
b11000000000000100011000000000011000000000000010001110000000001010101000000000110001100000000011100010000000001101110 !
1&
1#
#2028
0&
0#
#2031
b11111111111110000000000000100000111111111110001111111111111001111111111111110110111111111000111111111111011100011111111110100001 "
b11111111101000011111111110001111111111110111111111111111011100011111111110000001111111111000100111111111101011101111111111011100 !
1&
1#
#2034
0&
0#
#2037
b1000000000000000110111000000000011000100000000001110000000000000011010000000000000101000000000000010111111111111100000 "
b11111111101110111111111111000001000000000000010000000000010001110000000001101001000000000101110011111111111111001111111110111010 !
1&
1#
#2040
0&
0#
#2043
b100101010000000001111001000000000110111000000000100100000000000001001010000000000101110100000000010011110000000000011101 "
b100010010000000010001111000000000010100111111111101111111111111110111001111111111001010111111111100000001111111101111111 !
1&
1#
#2046
0&
0#
#2049
b11111111111110000000000000001101111111111110100100000000000001011111111111110101000000000001000100000000010001100000000001011101 "
b100110000000000001000100000000000010000000000000001110100000000000010101000000000000010000000000001111100000000010000100 !
1&
1#
#2052
0&
0#
#2055
b1100000000000000000101000000000000010000000000000010110000000000000011111111111110110000000000000010101111111111110111 "
b10100100000000000111000000000000011000100000000010001110000000001010100000000001000000100000000100011110000000010100100 !
1&
1#
#2058
0&
0#
#2061
b11111111100010111111111101000001111111110001101011111110111111011111111100010001111111111000011011111111101010101111111111011010 "
b10101100000000001110110000000000111110000000000011101000000000001111011000000000111110000000000011100100000000001011011 !
1&
1#
#2064
0&
0#
#2067
b1100010000000001011101000000001001010100000000100101000000000010000001000000000111001100000000001011001111111111101011 "
b11111111011011101111111101111001111111110111100111111111100110101111111111011000111111111101100000000000000100110000000000101111 !
1&
1#
#2070
0&
0#
#2073
b11111111000001011111111011100111111111101000010111111111001001101111111101011111111111111010001011111111111000010000000000001010 "
b11111111101010011111111111010111111111111111100111111111111101011111111111011010111111111100011111111111110010111111111110010111 !
1&
1#
#2076
0&
0#
#2079
b11111111100011111111111101001110111111110110101011111111001001001111111110000010111111111101110011111111100011011111111100111000 "
b11111111110011101111111110111011111111111010001011111111011101001111111101110010111111110110111111111111011101111111111110001110 !
1&
1#
#2082
0&
0#
#2085
b10100010000000001100010000000000100111000000000010100100000000000111001000000000001100011111111111000001111111111001001 "
b1010101111111111111101111111111111100011111111110101111111111111111001000000000001011000000000000110010000000000000011 !
1&
1#
#2088
0&
0#
#2091
b11111111000011101111111100111010111111110101110011111111110010001111111111111001000000000010101100000000010110000000000001000101 "
b100100000000000111100000000000100111000000000001111100000000000110011000000000011110100000000001000110000000000100000 !
1&
1#
#2094
0&
0#
#2097
b1101110000000001101111000000000101101100000000010110110000000000100110111111111010101111111111100000001111111100100110 "
b11111111111010011111111111101001000000000000000111111111111101011111111111010011111111111110001011111111111111010000000000100011 !
1&
1#
#2100
0&
0#
#2103
b10101100000000001000010000000000010101100000000010100110000000001100110111111111111111100000000001101110000000001010011 "
b11111111100111111111111101011110111111110110101111111111011101111111111101111011111111111010011011111111110001101111111111101010 !
1&
1#
#2106
0&
0#
#2109
b11111111011110001111111110100010000000000100001000000000100100110000000011110110000000010000000000000000101111010000000001111001 "
b1110000000000001100111111111110101100000000000010010000000000000010111111111110001111111111101111111111111110101100 !
1&
1#
#2112
0&
0#
#2115
b11001010000000011000011000000010010011100000001001111110000000001001111111111111111001011111111100001111111111100101100 "
b11111111011010101111111111000001000000000000100100000000010001111111111111011000111111111110000011111111111100100000000000001001 !
1&
1#
#2118
0&
0#
#2121
b11111111101111111111111111101111111111111101001111111111100111001111111101101111111111110011001111111111010100001111111110111010 "
b11111111001111001111111100110000111111110110001111111111010101101111111100111110111111110100001011111111010101001111111101011000 !
1&
1#
#2124
0&
0#
#2127
b10111010000000010000111000000000110111100000000000010111111111110101101111111110011110011111111011010001111111110000110 "
b11111111001011001111111100111110111111110010111111111111001101001111111100101000111111110011100111111111001100101111111100101101 !
1&
1#
#2130
0&
0#
#2133
b11101100000000001011001111111111110011111111111100000111111111101011010111111110110010011111111011111110000000000011110 "
b11111111110001101111111111000001111111111011111111111111010011101111111100101100111111110011000111111111001011111111111100101100 !
1&
1#
#2136
0&
0#
#2139
b1010000000000010111111111111011111111111111101101001111111111000000111111111110100100000000010111010000000001100110 "
b100110100000000101110010000000010010010000000000111110100000000010000001000000000011011100000000000011001111111111111011 !
1&
1#
#2142
0&
0#
#2145
b11111111111001101111111111010111111111111001110011111111011011111111111101111101111111110111011011111111111000010000000000010111 "
b11111110111000000000010010110111000000111110101100000001100111010000000110010000000000010010101100000001001000100000000010001010 !
1&
1#
#2148
0&
0#
#2151
b11111111111011001111111111010011111111110111011011111111011100001111111101010111111111110110000011111111110101111111111111001000 "
b11111111101110100000000001000010000000001011010000000000111010010000000011110000111111110111111000000001000010110000000110110011 !
1&
1#
#2154
0&
0#
#2157
b101111000000000001010011000000000010011000000000000001111111111110111110111111111011100011111111111111110000000000000110 "
b11111111001101011111111100110011111111110011100111111111010000101111111101001001111111110111010011111111011110101111111110010110 !
1&
1#
#2160
0&
0#
#2163
b1011001111111111100111111111111101100111111111111000111111111111111011000000000110010100000000011010010000000001110111 "
b11100010000000001100110111111111100001011111111010111101111111100111110111111110010111111111111001101001111111100101111 !
1&
1#
#2166
0&
0#
#2169
b11111111100001111111111110001101111111111010011011111111111011000000000000101011000000000111101000000000011110010000000001001110 "
b100000010000000001000101000000010010100100000001001110010000000100111110000000010010010000000000110110010000000100001011 !
1&
1#
#2172
0&
0#
#2175
b11111111101101011111111101011011111111110111000011111111010001011111111100110010111111111001110011111111011010111111111110010001 "
b11111111010100001111111101011001111111110110110111111111011101111111111111001000000000000001011000000000011001110000000001001011 !
1&
1#
#2178
0&
0#
#2181
b110111100000000010101000000000000101011000000000001010000000000000001001111111111110111100000000000001010000000000000000 "
b10011110000000001110001111111111011100011111111011000001111111100110011111111110011010011111111001111101111111101000110 !
1&
1#
#2184
0&
0#
#2187
b11111111001011101111111101001010111111110011001111111111011111101111111111111010000000000100010100000000011111110000000010110000 "
b11111111101011110000000001111110000000000101010000000001000001000000000110001011000000010011110000000000101111100000000010000101 !
1&
1#
#2190
0&
0#
#2193
b11111111000010011111111100000011111111110000111111111111011011011111111110101111111111111101111011111111111011011111111101101001 "
b11111111010011111111111100111010111111110011111011111111010010011111111101011001111111110110010111111111011101011111111110001100 !
1&
1#
#2196
0&
0#
#2199
b110110100000000000111100111111111000110111111111010101001111111100100001111111110010001011111111010110011111111100010110 "
b1101001110000000101110101000000010000001000000001000011110000000010110010000000000001001111111111011000001111111101100101 !
1&
1#
#2202
0&
0#
#2205
b11111111011000101111111011110110111111110100011011111111010100101111111111000000000000000111000000000000111100000000000100101111 "
b11111111001111011111111101001001111111110100000111111111010110011111111110000001111111111011010100000000000011110000000000111101 !
1&
1#
#2208
0&
0#
#2211
b11111111110100111111111111000100000000000000010111111111100101010000000000000000000000000001000111111111001000001111111110110001 "
b11011110000000101100100000000001111000100000000011011010000000001111000000000000010101111111111011111011111111101001111 !
1&
1#
#2214
0&
0#
#2217
b11111111110110011111111111111011000000000101000000000000101111100000000011101000000000001110011100000000101001010000000000101010 "
b11111111010001011111111101000000111111110101000111111111011011101111111101100010111111111011001111111111011100101111111110011110 !
1&
1#
#2220
0&
0#
#2223
b101110000000001011011000000001000001100000000100001000000000010001010000000000010011111111111111110001111111111010011 "
b11111111111101000000000011100001000000010001011100000000101100000000000011000000000000001011001011111111101010111111111101101001 !
1&
1#
#2226
0&
0#
#2229
b11111111111100011111111110110100111111110111011111111111010110001111111111001100111111111011011111111111110000010000000001000000 "
b10100001111111110001101111111110101000011111111010000111111111101001000111111110110101111111111100110101111111111000110 !
1&
1#
#2232
0&
0#
#2235
b11111111100011111111111101000001111111110110011011111111100001001111111111111111000000000011111100000000011000100000000001011000 "
b11111111011000001111111110111011111111111000101100000000011010100000000101100110000000001100011100000000111111000000000100101100 !
1&
1#
#2238
0&
0#
#2241
b11111111111001000000000000010100000000000111100000000000100000110000000010011111000000001010100100000000001110101111111111101110 "
b110101010000000101111011000000001101000100000000000110011111111111010101111111111100011011111111010110001111111101010011 !
1&
1#
#2244
0&
0#
#2247
b11111111111110000000000001110001000000001101011000000001000000000000000011110110000000001010101000000000010100000000000000100111 "
b1101101111111011111011111111110110010111111111010110111111111110000011111111111001011111111111011010100000000010110100 !
1&
1#
#2250
0&
0#
#2253
b10110000000001000111000000000111001100000000000111101111111110100000111111110111011011111111010110111111111110010010 "
b11111111100000001111111101101010111111111010101100000000010100100000000101100111000000111011001100000000011011010000000101100000 !
1&
1#
#2256
0&
0#
#2259
b11000010000000001111010000000001100000100000000000100001111111110011110111111110110101111111111001010101111111110100000 "
b1011110000000011110001000000001110001000000000011100000000000001110001000000000101110111111111110110001111111101101110 !
1&
1#
#2262
0&
0#
#2265
b101111100000000000101011000000000000111111111111110011101111111110000100111111111010100011111111100010110000000000111011 "
b11111111100001100000000110110000000000000110010000000000001011111111111101110110111111110110100111111111011010011111111111100000 !
1&
1#
#2268
0&
0#
#2271
b11111111101101111111111101111011111111111001100011111111110010111111111111101101000000001000110000000000011101010000000010010100 "
b100111001111111110101011111111110101010011111111100001111111111110010110111111111001001000000000000001011111111111100100 !
1&
1#
#2274
0&
0#
#2277
b11111111101110011111111101000010111111110010010011111111010011001111111101000001111111111010011111111111101011011111111110011111 "
b11111111011110001111111101111100111111111010010000000000000100011111110011101111000001011010000100001010101011100000000101010100 !
1&
1#
#2280
0&
0#
#2283
b11111111110001111111111111111100111111111110010100000000001110100000000001010110000000000100111000000000010010001111111111100001 "
b11111111101101111111111101100110111111101111000111111111101011000001100011101001000001110011011000000000111011000000000011110010 !
1&
1#
#2286
0&
0#
#2289
b11111111100001001111111101111110111111110011100011111111011111011111111111111000111111111110110100000000001000110000000000001010 "
b11111111010101111111111111010100111111110000101111111110100000111111111001011001000000010000111100000001000100011111111111011110 !
1&
1#
#2292
0&
0#
#2295
b11111111011011001111111101100001111111111011010100000000010100110000000001011010000000000101010100000000011000101111111111000011 "
b11111111100000111111111110001110000000000011010011111111010111010000000010100001111111111101000111111111111111111111111110100111 !
1&
1#
#2298
0&
0#
#2301
b11111111011001101111111111010001000000000010100000000000011101000000000001001010000000000011110011111111110000101111111100111000 "
b11111111000110001111111111010110000000000000110000000000010101100000000011011010111111111101101111111111101011101111111110101011 !
1&
1#
#2304
0&
0#
#2307
b1110001111111111100100111111111011101011111111011010001111111101001101111111110000100111111110111101111111111100111001 "
b11111111101110001111111110001010111111110100010111111111100010011111111101111010111111111000110111111111011010101111111101010111 !
1&
1#
#2310
0&
0#
#2313
b11111111010100011111111110111010111111111110101100000000011000000000000010010100000000001000101100000000011110110000000001011111 "
b110101110000000010101011000000000101101000000000010001010000000000101001111111111000110100000000001011101111111111110010 !
1&
1#
#2316
0&
0#
#2319
b11111111110110001111111110111011111111111101101111111111101000111111111101010100111111110011110011111111000000111111111100011011 "
b10111100000000010001010000000001001101000000000001100000000000001001000000000000110000000000000101111000000000001001011 !
1&
1#
#2322
0&
0#
#2325
b10110010000000010110111000000001111111100000001000100000000000011100111000000001010010000000000001000111111111111100111 "
b100010000000000001010000000000000011110000000000001101100000000001110001000000000010111100000000001111000000000001001110 !
1&
1#
#2328
0&
0#
#2331
b10001111111111110100011111111110100101111111111001001011111111101100101111111111010111011111111111101010000000000100011 "
b11111111111101010000000000010010000000000001000100000000001100100000000001100000000000000111111100000000100111110000000010110010 !
1&
1#
#2334
0&
0#
#2337
b11111110111111011111111101100011111111111101001100000000000011000000000001101111000000010001010000000001001000010000000011111010 "
b11111111011111101111111110000001111111110111110011111111100010111111111110110001111111111011101111111111101101001111111111101000 !
1&
1#
#2340
0&
0#
#2343
b11111111010110011111111111100011000000000000101000000000010010110000000000000100111111110011010011111111000110101111111011101011 "
b11111111110101001111111111111110000000000010001100000000000011001111111111100010111111111101001011111111101000101111111110011110 !
1&
1#
#2346
0&
0#
#2349
b11111111110011011111111110111111111111111110001011111111011111011111111100011010111111110001011011111110111000101111111011010100 "
b10001111111110110011111111111010001111111111101001101111111110011011111111111010101011111111110000111111111111010000 !
1&
1#
#2352
0&
0#
#2355
b11111111010101011111111101000111111111110101001111111111001101111111111100101101111111110101110111111111010011111111111110011011 "
b10010000000000101100111111111111101000000000000100010000000001001011000000000010111011111111111101000000000000000101 !
1&
1#
#2358
0&
0#
#2361
b111101010000000100000001000000001100001000000000100101010000000001001000111111111111000111111111101010011111111101111110 "
b11111111111011011111111111001001111111111110001111111111111011111111111111010100111111111111110000000000000111010000000000011001 !
1&
1#
#2364
0&
0#
#2367
b10110011111111111110110111111111010101111111111110110001111111111000011111111111111110100000000100101010000000010110111 "
b11111111110111010000000000011000000000000011001000000000001010100000000001110000000000000110011100000000000110100000000000101110 !
1&
1#
#2370
0&
0#
#2373
b11111111111101100000000001000101000000001000100000000000110111010000000011111000000000010000011000000000110101010000000001111001 "
b10000000000000001001010000000000100010000000000000111110000000000000100111111111110011111111111110001101111111111001100 !
1&
1#
#2376
0&
0#
#2379
b11111111111110000000000001000111000000000000100111111111111000101111111111001100111111111000011011111111101101011111111111011100 "
b11111111110100101111111111110110000000000000001011111111110111001111111111011010111111111110010000000000000011110000000000010011 !
1&
1#
#2382
0&
0#
#2385
b11111111100011111111111110010110111111111100010111111111100011011111111110010011111111110110100111111111100010101111111111100000 "
b11111111111110001111111111100011111111111110001011111111110111101111111110111010111111111100110111111111110100101111111111010111 !
1&
1#
#2388
0&
0#
#2391
b11111111110110000000000000001011000000000001100000000000001101110000000001100001111111111111010111111111110100011111111110111110 "
b11111111110100111111111111000110111111111100111011111111111101011111111111111100000000000000000000000000000001110000000000001110 !
1&
1#
#2394
0&
0#
#2397
b110001100000000100010010000000010000101000000000110111100000000010111101000000000101011100000000000000001111111111100011 "
b11111111110011001111111111000001111111111011011111111111110000011111111110111111111111111011110111111111110000111111111111000010 !
1&
1#
#2400
0&
0#
#2403
b11111111111011111111111111011001111111111110011111111111100111111111111111000000111111111111110000000000000000000000000001111000 "
b11111111100000101111111101110011111111110111001011111111100000001111111110010100111111111001100011111111101000101111111110110101 !
1&
1#
#2406
0&
0#
#2409
b11000001111111110110011111111111111100100000000000011010000000000000010111111111110111011111111111101101111111111100001 "
b10011111111111111110111111111101101011111111110100001111111111001001111111111010000111111111011110111111111110010010 !
1&
1#
#2412
0&
0#
#2415
b111010000000000010000010000000001001101100000001000111010000000110001000000000011110100100000001010010110000000010110110 "
b100010010000000010001010000000000111001100000000010010100000000001000110000000000011011000000000000110010000000000100100 !
1&
1#
#2418
0&
0#
#2421
b1000111000000000011110010000000010000010100000000111001010000000100110110000000010110101100000001010001100000000101000011 "
b11111111100110111111111110111110000000000001001000000000001110000000000001010110000000000111001100000000011011110000000010001010 !
1&
1#
#2424
0&
0#
#2427
b11111111101111110000000000100110000000001001000100000000111101010000000100010000000000010001011000000001001000110000000100111010 "
b11111000000000010001001000000000111000000000000001111011111111111111011111111111011110111111111101101011111111110110010 !
1&
1#
#2430
0&
0#
#2433
b11111110000010111111110111111000111111101000001011111111000110111111111111001001111111111000010011111111100010101111111110111110 "
b11111111110111001111111111110110000000000001100000000000000011110000000000011100000000000101011000000000011011100000000010010001 !
1&
1#
#2436
0&
0#
#2439
b11111101100100011111101100010100111111000000001111111110010101111111111010000010111111101110011111111111000111101111111000111110 "
b110000000000100001000000000010010100000000000011001111111111101111111111111111101011111111111001011111111111100000 !
1&
1#
#2442
0&
0#
#2445
b11111111101000101111111100100111111111010001010000000000001011010000000001101110111111100010001111111110100111101111110011111101 "
b100000010000000001110001000000000011001100000000001101100000000000000101111111111111010011111111110011101111111111011001 !
1&
1#
#2448
0&
0#
#2451
b1100101100000000001111100000000000101001000000001010011110000000100001100000000011000011100000001110001001111111110011110 "
b11111111111111001111111111110011111111111101001111111111110001011111111111000110111111111111000100000000000010000000000000111001 !
1&
1#
#2454
0&
0#
#2457
b11111111010011001111111110111110000000000111001000000000110011010000000011100011000000011001100000000001100001100000000101101000 "
b10000100000000000010101000000000001101000000000001101110000000000011001000000000010000000000000001101010000000000010110 !
1&
1#
#2460
0&
0#
#2463
b11111110100111101111111011111000111111100100100111111110010111011111111001100101111111011010111111111110010011101111111001100001 "
b100000010000000001111010000000000110011000000000011010110000000001010110000000000100000100000000010000000000000001010010 !
1&
1#
#2466
0&
0#
#2469
b1101000000000000101011001000000001111100100000000010001000000000000010100000000000001011111111111011011101111111101101110 "
b11111111110011011111111111010001111111111111010011111111111110100000000000101101000000000001100000000000010001010000000010001111 !
1&
1#
#2472
0&
0#
#2475
b11111111010110010000000000010100000000001011011000000000111100100000000011101110000000001101110100000001000101010000000101111001 "
b11111111101010011111111110110000111111111001111111111111100000101111111110010010111111111010111111111111101110101111111111000100 !
1&
1#
#2478
0&
0#
#2481
b11111111011001001111111010110000111111100101001111111110100110011111111001001001111111100010000111111110100111111111111001111011 "
b1000000000000000010101000000000001000100000000001000000000000000101011000000000000111000000000000010001111111111100100 !
1&
1#
#2484
0&
0#
#2487
b1000110010000000011100111000000001100111000000001011011100000000100110011000000010110000000000001100100010000000000111010 "
b11111111101111011111111111111100000000000010000000000000001101100000000000011110000000000100111100000000001001000000000000001110 !
1&
1#
#2490
0&
0#
#2493
b11111101011110111111110110011100111111100001011011111110011001111111111110000001000000000101010100000000111011000000000011110010 "
b1100010000000000011101111111111111111011111111110011101111111111000011111111111010101111111111101001101111111110111111 !
1&
1#
#2496
0&
0#
#2499
b1010100100000000100111101000000011100011000000001011011010000000001010000000000000000110011111111001000111111111001110111 "
b11111111101001001111111110101000111111111001001011111111100100111111111111000001111111111110000111111111110000110000000000101010 !
1&
1#
#2502
0&
0#
#2505
b11111110001001001111111000011010111111101000100111111110111000101111111110001011000000000011110000000000101100010000000100001001 "
b1000010000000000110000000000000010001100000000000011111111111111101110000000000000010011111111111001011111111111000001 !
1&
1#
#2508
0&
0#
#2511
b101000110000000001111001000000010000110100000001100110100000000110011101000000001010100000000000011100111111111101100000 "
b1000110000000000001100000000000000110100000000000001111111111111110011000000000000101100000000000110110000000000011111 !
1&
1#
#2514
0&
0#
#2517
b11111110101100001111110111101000111111011111110011111110000000011111111100110001000000000010011100000000110001110000000100001110 "
b11111111111110001111111111011110111111111110011111111111110101101111111111000001111111111011101011111111111101110000000000011100 !
1&
1#
#2520
0&
0#
#2523
b1001110000000011010101000000001111110000000001011111010000000110101001000000001110110000000000101100000000000001010001 "
b11111111010011011111111101011011111111110101000011111111010100101111111101010101111111111000111011111111101111111111111111010011 !
1&
1#
#2526
0&
0#
#2529
b111010000000000100001010111111110100000111111110010000001111110110111011111111011010011111111110010010101111111100100111 "
b1010100000000000110001000000000111101100000000101001100000000011001100000000000101011011111111111110001111111110010001 !
1&
1#
#2532
0&
0#
#2535
b11111110000111111111111001100100111111101111101011111111101110001111111111111100000000001011011100000001111101110000000100101011 "
b11011000000000000011010000000000001010111111111110111101111111111000111111111111110000011111111110110111111111111111101 !
1&
1#
#2538
0&
0#
#2541
b11111111111010000000000110000000000000011001001100000001111000000000000110011001111111111011011111111111000111111111111000000101 "
b10010100000000000001110111111111110100100000000000000010000000000001101111111111111100000000000010001010000000001010101 !
1&
1#
#2544
0&
0#
#2547
b1000010101111111101101111111111111010110111111100010000111111110101011000111111001011111111111110100110001111111110010010 "
b11111111111110010000000000001110000000000000110000000000000110110000000001000111000000001001001000000000011010110000000001101010 !
1&
1#
#2550
0&
0#
#2553
b11111111000101101111111010110011111111101010010111111110100001001111111010110011111111111110110000000001001100010000001010000011 "
b11111111111101111111111111010001111111111110001111111111111011011111111111010100111111111111011011111111111110011111111111101011 !
1&
1#
#2556
0&
0#
#2559
b11111110101100111111111010110000000000000100110000000001010111110000000110100110000000000101001000000000000101111111111110010001 "
b11111111101001011111111110111111111111111101110011111111110010111111111111101111000000000001010000000000000100000000000000111001 !
1&
1#
#2562
0&
0#
#2565
b100110010000000001011010111111111110110100000010000001110000000100000110000000000000110100000000001100111111110111110100 "
b10010000000000011011000000000011011000000000001100000000000000100001000000000000001111111111110011011111111111000111 !
1&
1#
#2568
0&
0#
#2571
b11011000101111111110010100111111001000111111111110010111101111110000010001111110011111011111111010111010111111111011000100 "
b10001010000000000110110000000000010000000000000000111110000000000001101111111111110101111111111111000011111111111011010 !
1&
1#
#2574
0&
0#
#2577
b11110101011010101111111010010101111110010000011111111000110100011111001101000111111110100110000011111101101001110000000011110110 "
b11111111111111110000000000000000111111111101010011111111110010101111111111001110111111111101111011111111110111100000000000001110 !
1&
1#
#2580
0&
0#
#2583
b111010000000001011001011000000101100110100000010101011101111111100110010111111001001001000000011011011000000000011001111 "
b11111111110110111111111111010101111111111110010111111111111011110000000000000011000000000011011000000000001011010000000000110011 !
1&
1#
#2586
0&
0#
#2589
b1111100100000001010111110000000010100001000000001000111001111101111010100111111000001100111111100110011001111111100111000 "
b111110000000000010100000000000001101100000000001001001111111111110010111111111101000011111111110110001111111111010110 !
1&
1#
#2592
0&
0#
#2595
b11111111110000011111111111000100111111101001010011111111010100000000000000001011111111110100011100000000011000110000000010001010 "
b11111111011000001111111101010101111111110110100011111111100101001111111110101001111111111110010100000000001000010000000001001101 !
1&
1#
#2598
0&
0#
#2601
b111001110000000010000001111111111010111000000000010000110000000011100101000000010010110000000010011010010000000101000011 "
b11111111110010001111111111001111111111111001011111111111101000011111111110011010111111110111111011111111011001101111111101110011 !
1&
1#
#2604
0&
0#
#2607
b11111111011110001111111110110111111111110100011011111111111001101111111011100011111111111010110000000000000101100000000001101111 "
b10000000000000000100101000000000010111100000000100001100000000010101111000000001100010100000000001011000000000000010011 !
1&
1#
#2610
0&
0#
#2613
b11111111011011011111111100111111111111111011101000000000010011011111111011010111111111110100010011111110111011011111111001000101 "
b11111111111110010000000000000000000000001000000000000000100011110000000010100000000000001001110100000000010101100000000000011110 !
1&
1#
#2616
0&
0#
#2619
b11111111001010111111111110001010111111111000001111111111110100111111111111111011111111111010101111111111010000101111111100011101 "
b11111111110011011111111111100100000000000000001000000000000000100000000000001001111111111101011011111111110101111111111111001110 !
1&
1#
#2622
0&
0#
#2625
b1011100000000000011111111111111011001011111111010100111111111100100000111111101110111011111111001111101111111100111111 "
b10100100000000001100110000000000111011000000000001010110000000000000100111111111110101011111111111011001111111110110011 !
1&
1#
#2628
0&
0#
#2631
b101010100000000011010111000000001011110000000000100101010000000001101001000000000011100000000000001110100000000000010010 "
b1111010000000000010100000000000000001011111111110011011111111111001110111111111010110111111111110000110000000000000100 !
1&
1#
#2634
0&
0#
#2637
b11111111101110111111111110101101111111111010110011111111110011110000000000001001000000000010000100000000011110010000000010010110 "
b100000100000000001000011000000000100001000000000000010001111111111111111111111111110101111111111111110010000000000100101 !
1&
1#
#2640
0&
0#
#2643
b1010100000000001100100000000000110010100000000011111110000000010101100000000000111110000000000010001000000000000011100 "
b11111111110100011111111110111101111111111011100011111111111001110000000000101111000000000101100000000000100001110000000010100000 !
1&
1#
#2646
0&
0#
#2649
b11111111110011001111111111100000111111111110111111111111011110011111111110000110111111111011001011111111101001011111111111101100 "
b11111111111101100000000000100101000000000100011100000000011110100000000001110011000000000101101000000000000111101111111111111000 !
1&
1#
#2652
0&
0#
#2655
b10010100000000000111100000000000001100000000000001001111111111111100001111111111010000100000000000001101111111111111001 "
b11111111100110111111111110011011111111111010000111111111101101101111111110111000111111111101001111111111111101001111111111110000 !
1&
1#
#2658
0&
0#
#2661
b11111111101110111111111111100011111111111000010011111111000100001111111101100100111111111000011011111111101010011111111111101110 "
b1011000000000000110100000000000000110100000000000000001111111111101110111111111100111011111111110000011111111110011101 !
1&
1#
#2664
0&
0#
#2667
b11111111010000111111111101110101111111111000010011111111110110100000000001000111000000000010000100000000011101000000000001110001 "
b11111111111010010000000000000100111111111110100111111111111111111111111111100010000000000000010100000000000001010000000000101000 !
1&
1#
#2670
0&
0#
#2673
b11111111111100111111111111111101000000000010011000000000010111110000000000110100000000000000100011111111110011001111111110000110 "
b11111111101111101111111110101111111111111011011011111111101111001111111111000011111111111111000111111111111101011111111111111001 !
1&
1#
#2676
0&
0#
#2679
b11111111111100101111111111111000000000000001010100000000010011000000000001110001000000000010111000000000000111001111111111101111 "
b11111111100111001111111110110010111111111100101011111111111010110000000000100110000000000010101100000000001011110000000000010011 !
1&
1#
#2682
0&
0#
#2685
b10011000000000000110100000000000000110011111111111000101111111111100011111111111110011111111111110011011111111111011100 "
b11111111101011111111111111011000111111111101000111111111110111111111111111101001111111111100000111111111101111001111111110010101 !
1&
1#
#2688
0&
0#
#2691
b10011010000000000111111000000000100111100000000001110110000000000100111000000000101110100000000010010100000000001010100 "
b11111111111001011111111110110011000000000001000100000000000101000000000000100011000000000010110011111111111101111111111111000000 !
1&
1#
#2694
0&
0#
#2697
b101111010000000011001111000000001101100000000000101100100000000001111111000000000111011000000000010010010000000000111101 "
b1011010000000001110111000000001101100000000000110101000000000010110101000000000101101100000000001011111111111111100100 !
1&
1#
#2700
0&
0#
#2703
b11111111101100011111111111110101000000000000100100000000000010100000000001010101000000000110110100000000100000010000000010010011 "
b11111111110010101111111111001110111111111011100111111111101000111111111110100101111111111010001011111111111110100000000000011100 !
1&
1#
#2706
0&
0#
#2709
b11111111000101011111111101100100111111110110011011111111100001001111111110101001111111111001011011111111110011011111111110111000 "
b11111111100011011111111110111000111111111101011111111111111001111111111111101010000000000000110111111111111111101111111111110101 !
1&
1#
#2712
0&
0#
#2715
b10100100000000000000100111111111100010011111111100100001111111110000001111111110010111111111111001101101111111100100110 "
b1100000000000001011011000000000111111100000000011001010000000001010100111111111110101111111111110110111111111110011110 !
1&
1#
#2718
0&
0#
#2721
b11111110111101001111111100010011111111110010111011111111101001100000000001000100000000001001000100000000101110000000000011000001 "
b11111111101010100000000000000000000000000010011100000000000100100000000000001111111111111111111111111111111111100000000000100111 !
1&
1#
#2724
0&
0#
#2727
b100110000000000011001111111111111001111111111110010111111111110110000111111110101000111111111010011101111111011111000 "
b101100000000000001101010111111111101110011111111101011011111111110010101111111110111100011111111011010011111111110001101 !
1&
1#
#2730
0&
0#
#2733
b11111111101010101111111110100100111111111100011011111111110110110000000000011110000000000000100000000000000100110000000000101100 "
b11111111110110101111111111100101111111111010111011111111100111111111111111010001111111111110110011111111110101100000000001000100 !
1&
1#
#2736
0&
0#
#2739
b11111111000111011111111100100111111111111010011111111111111010010000000001001100000000000100101100000000000100001111111111101010 "
b11111111111110001111111111110010111111111111110111111111111001011111111111100100111111111110110111111111111000111111111110111111 !
1&
1#
#2742
0&
0#
#2745
b11111111111101100000000000100001000000001001101000000000100010100000000000011110000000000000000011111111011111111111111100101001 "
b1100000000000000101100000000000011100000000000000011011111111111110100111111111110100100000000000000011111111111101110 !
1&
1#
#2748
0&
0#
#2751
b11111111110111111111111110111111111111111011101111111111110000111111111110100101111111111001010111111111100011111111111110111110 "
b101111111111001100111111111100000011111111100111001111111110101101111111111010111111111111110000010000000000000100 !
1&
1#
#2754
0&
0#
#2757
b11111111001110011111111101011001111111111000010111111111011001001111111101110000111111111001110111111111011111001111111110010101 "
b100100000000000001000111111111111110111111111111111000000000000101101000000000100011000000000001100110000000000110000 !
1&
1#
#2760
0&
0#
#2763
b10010000000001101000000000000001110011111111111110101111111111010101111111110111010011111111010000001111111100100101 "
b11111111101001111111111110110000111111111011101111111111101111101111111111011011000000000000011111111111111101111111111111111001 !
1&
1#
#2766
0&
0#
#2769
b10111110000000010001100000000001001001100000000100101110000000010001000000000000101011100000000011001100000000000110011 "
b100110100000000010000111000000000111100100000000010100110000000001000011000000000001100111111111111000101111111111010001 !
1&
1#
#2772
0&
0#
#2775
b11111111110111011111111111100011111111111000010111111111101001101111111110100101111111111001011111111111111011000000000000110000 "
b11100010000000001110010000000000110111000000000011110010000000001101110000000000110111000000000100011100000000010011110 !
1&
1#
#2778
0&
0#
#2781
b1010001111111110011110111111111100000111111111100100111111111110000100111111111011001111111111111001111111111111000101 "
b100001110000000001111101000000000100110100000000001110010000000000011100000000000011111000000000010101110000000001011111 !
1&
1#
#2784
0&
0#
#2787
b11111111011101111111111111001100111111111111010100000000001111000000000010010101000000001010011100000000011011010000000001100010 "
b11111111111100011111111111111101000000000010100000000000010110010000000001010110000000001001110100000000100100110000000010011001 !
1&
1#
#2790
0&
0#
#2793
b1111110000000011001111000000001101100000000000011110000000000001111010111111111110001111111111101111111111111110001011 "
b11111111011111001111111101110001111111110110101111111111100010111111111110100000111111111010110011111111101101101111111111100001 !
1&
1#
#2796
0&
0#
#2799
b11111111101110111111111110110101111111111011101011111111101110101111111111010111111111111011111000000000001011000000000001101100 "
b11111111111000001111111111110011000000000001011100000000000101001111111111001001111111111011101111111111101000001111111101111000 !
1&
1#
#2802
0&
0#
#2805
b11111111110101101111111111011101000000000000010100000000000011101111111111110101111111111101010011111111101011001111111110110001 "
b11111111111100001111111110110111111111111010110011111111100101111111111110100000111111111010100111111111110001011111111111001110 !
1&
1#
#2808
0&
0#
#2811
b11111111111011010000000000111111000000000110100100000000011100000000000001000001000000000000010011111111101000001111111110110000 "
b11000000000000101100000000000000111000000000000101000000000001001110000000000010110100000000000011000000000000000110 !
1&
1#
#2814
0&
0#
#2817
b1000000110000000100100110000000010111110100000001010010010000000011101011000000000111000011111111111001101111111111000101 "
b11111111111110101111111111010000111111111110110111111111111001101111111111011101000000000001111100000000001010111111111111111000 !
1&
1#
#2820
0#
#2823
b11111111011100101111111100000011111111100101000011111110101001111111111100010000111111111001011100000000000110110000000010100011 "
1#
#2826
0#
0%
0&
#2829
b11111111100011111111111111011000000000000001000011111111111110000000000000110001000000000110100100000000100010110000000000011101 "
1#
#2832
0#
#2835
b11111111111001110000000001000010000000000110001000000000000100101111111111000001111111111000000011111111000000001111111110000111 "
1#
#2838
0#
#2841
b1000101111111111111101111111111111100011111111010111111111111100011010111111110000101011111111001100001111111101010111 "
1#
#2844
0#
#2847
b1000000000000000001100000000000010101100000000000110001111111111111111111111111110101111111111111101010000000000111110 "
1#
#2850
0#
#2853
b10011110000000010010100000000000101000011111111110000101111111111010101111111111001111111111111100101011111111111110010 "
1#
#2856
0#
#2859
b11111111100100011111111110100001111111110110111011111111100000110000000000000100111111111110001100000000001101100000000010001010 "
1#
#2862
0#
#2865
b11111111011111011111111101110011111111111001111111111111111011100000000000110010000000000100101100000000001110100000000000000101 "
1#
#2868
0#
#2871
b11111111110111110000000000010001000000000111010100000000010111010000000000111110000000000010111011111111110111101111111110010100 "
1#
#2874
0#
#2877
b10001110000000001010000000000000000101011111111110010101111111110110010111111110110100011111111100110001111111110110010 "
1#
#2880
0#
#2883
b11111111101010011111111110100000111111111100110111111111111010010000000000001011000000000001000100000000000101110000000001010011 "
1#
#2886
0#
#2889
b1010101000000000101011111000000001111110100000000011100010000000000100010111111111101010111111111101001101111111110001000 "
1#
#2892
0#
#2895
b1001000000000001011001000000000101101000000000001111100000000001011100000000000111110100000000101011010000000100000010 "
1#
#2898
0#
#2901
b11111111110100011111111101010001111111101111010111111110100111011111111011111010111111110011000011111111110111011111111111100100 "
1#
#2904
0#
#2907
b11111111110110001111111100111100111111110000101011111110101101111111111011010000111111111001010011111111111110010000000001001110 "
1#
#2910
0#
#2913
b11111111111110001111111111011010111111111011111011111111101101100000000000101110000000001000010000000000010011100000000010001111 "
1#
#2916
0#
#2919
b11111111010010111111111100110100111111110101000111111111110001111111111111101110000000000100000000000000011010110000000001001101 "
1#
#2922
0#
#2925
b11111111010101011111111111011011000000000100100100000000100110010000000010110001000000000110000011111111110000111111111101111100 "
1#
#2928
0#
#2931
b11111111000110011111111110110000111111111111101000000000001001100000000000111001111111111101111111111111100100011111111101101011 "
1#
#2934
0#
#2937
b100010000000000010100010000000000010111111111111101011111111111110001000111111110001010111111110111011101111111100011011 "
1#
#2940
0#
#2943
b11111111110101011111111101101011111111110001111111111111000011001111111100110101111111110111101100000000000011100000000001010010 "
1#
#2946
0#
#2949
b101100100000000010000111000000000101011000000000010101110000000000110000000000000100111100000000010110010000000000010100 "
1#
#2952
0#
#2955
b11111111101111101111111110101011111111111100001011111111111000011111111111011111000000000011001000000000010111100000000001111111 "
1#
#2958
0#
#2961
b1101111111111111100000000000011001100000000001001001111111111110111111111111100010111111111101111101111111110010110 "
1#
#2964
0#
#2967
b11111000000000001101100000000000110101000000000010010000000000000001011111111111111110011111111111010101111111111010111 "
1#
#2970
0#
#2973
b101110100000000010001000111111111101101011111111100001011111111101101100111111110111011111111111110001110000000000111011 "
1#
#2976
0#
#2979
b10011100000000000001110111111111100100011111111111011111111111111110101000000000100000100000000101110000000000011010000 "
1#
#2982
0#
#2985
b1111111111111111010010111111110111001111111111100011001111111110100000111111111111100000000000011100100000000001010001 "
1#
#2988
0#
#2991
b11111111001000001111111010101011111111100111100111111110100000101111111100011011111111111101110100000000000100000000000010011001 "
1#
#2994
0#
#2997
b10000100000000010001000000000000110001000000000100111110000000010110010000000000110010100000000001000011111111111000110 "
1#
#3000
0#
#3003
b100011000000000001000110000000000000011111111111111100101111111111010110111111111001100011111111110111011111111111011111 "
1#
#3006
0#
#3009
b11111111001111011111111100000010111111101100001111111111011001101111111111000101000000000011110000000000100010110000000010110101 "
1#
#3012
0#
#3015
b11111111110101111111111111000100111111111010111111111111111011110000000000110101000000000010010100000000001001001111111110011000 "
1#
#3018
0#
#3021
b11111110111110101111111110001010111111111111100000000000101000010000000100110110000000010001111100000001000001100000000001101001 "
1#
#3024
0#
#3027
b11111111110101000000000001011110000000010000110100000000101101110000000000101110111111111100110111111111010001011111111011010100 "
1#
#3030
0#
#3033
b11111111111000101111111111010010111111111111011100000000001011110000000000010100111111111111101000000000000001101111111111111111 "
1#
#3036
0#
#3039
b11111111100010001111111110010111111111111100100100000000000000000000000000001110000000000001111011111111111101001111111111110111 "
1#
#3042
0#
#3045
b11111111110011000000000001011011000000001011011100000000101101100000000010110101000000000101001011111111110010001111111110011000 "
1#
#3048
0#
#3051
b11111111111101010000000000100110111111111110111111111111100100001111111110100010111111110101110011111111011100111111111110110110 "
1#
#3054
0#
#3057
b11110010000000001100111000000000110001000000000000101111111111111110001111111111100101011111111111011000000000000010100 "
1#
#3060
0#
#3063
b11111110111110111111111100111111111111110011001011111111010110011111111110110011111111111101010100000000001001000000000010000010 "
1#
#3066
0#
#3069
b11111111011001001111111101111010111111110111010111111111011011101111111101011011111111110001110011111111000111011111111100011111 "
1#
#3072
0#
#3075
b11111111011001101111111110000010111111111101001111111111111000011111111110101010111111111001000111111111011010101111111101000010 "
1#
#3078
0#
#3081
b111001111111110111000111111111100000011111111011000111111111100110101111111101111111011111110111001111111111100000000 "
1#
#3084
0#
#3087
b110000110000000011011101000000001100111100000000100010100000000010001101000000001000100000000000001010100000000000111100 "
1#
#3090
0#
#3093
b11111111110111111111111110000101111111111011101011111111110110100000000000001000000000000101001000000000100100100000000010111111 "
1#
#3096
0#
#3099
b1010000000000001010111000000000111101100000000100000100000000010001101000000001010010100000000001010100000000000001010 "
1#
#3102
0#
#3105
b11111111110001111111111111101001111111111011101011111111011110101111111110001011111111111001010111111111101010111111111111111001 "
1#
#3108
0#
#3111
b10101010000000000010001000000000000101000000000000100101111111110111100111111111010110100000000000101101111111111111011 "
1#
#3114
0#
#3117
0'
b10101110000000000011101000000000100110111111111110010001111111110011000111111111101000111111111101001000000000000100110 "
1#
#3120
0#
#3123
b10011010000000000101001000000000101001111111111101111111111111110100001111111111011111011111111100001000000000000111101 "
1#
#3126
0#
#3129
b10010110000000000101011000000000101000011111111110001011111111110101000111111111011101011111111100001110000000000111110 "
1#
#3132
0#
#3135
b10010110000000000101011000000000101000011111111110001011111111110101000111111111011101011111111100001110000000000111100 "
1#
#3138
0#
#3141
1#
#3144
0#
#3147
1#
#3150
0#
#3153
1#
#3156
0#
#3159
1#
#3162
0#
#3165
1#
#3168
0#
#3171
1#
#3174
0#
#3177
1#
#3180
0#
#3183
1#
#3186
0#
#3189
1#
#3192
0#
#3195
1#
#3198
0#
#3201
1#
#3204
0#
#3207
1#
#3210
0#
#3213
1#
#3216
0#
#3219
1#
#3222
0#
#3225
1#
#3228
0#
#3231
1#
#3234
0#
#3237
1#
#3240
0#
#3243
1#
#3246
0#
#3249
1#
#3252
0#
#3255
1#
#3258
0#
#3261
1#
#3264
0#
#3267
1#
#3270
0#
#3273
1#
#3276
0#
#3279
1#
#3282
0#
#3285
1#
#3288
0#
#3291
1#
#3294
0#
#3297
1#
#3300
0#
#3303
1#
#3306
0#
#3309
1#
#3312
0#
#3315
1#
#3318
0#
#3321
1#
#3324
0#
#3327
1#
#3330
0#
#3333
1#
#3336
0#
#3339
1#
#3342
0#
#3345
1#
#3348
0#
#3351
1#
#3354
0#
#3357
1#
#3360
0#
#3363
1#
#3366
0#
#3369
1#
#3372
0#
#3375
1#
#3378
0#
#3381
1#
#3384
0#
#3387
1#
#3390
0#
#3393
1#
#3396
0#
#3399
1#
#3402
0#
#3405
1#
#3408
0#
#3411
1#
#3414
0#
#3417
1#
#3420
0#
#3423
1#
#3426
0#
#3429
1#
#3432
0#
#3435
1#
#3438
0#
#3441
1#
#3444
0#
#3447
1#
#3450
0#
#3453
1#
#3456
0#
#3459
1#
#3462
0#
#3465
1#
#3468
0#
#3471
1#
#3474
0#
#3477
1#
#3480
0#
#3483
1#
#3486
0#
#3489
1#
#3492
0#
#3495
1#
#3498
0#
#3501
1#
#3504
0#
#3507
1#
#3510
0#
#3513
1#
#3516
0#
#3519
1#
#3522
0#
#3525
1#
#3528
0#
#3531
1#
#3534
0#
#3537
1#
#3540
0#
#3543
1#
#3546
0#
#3549
1#
#3552
0#
#3555
1#
#3558
0#
#3561
1#
#3564
0#
#3567
1#
#3570
0#
#3573
1#
#3576
0#
#3579
1#
#3582
0#
#3585
1#
#3588
0#
#3591
1#
#3594
0#
#3597
1#
#3600
0#
#3603
1#
#3606
0#
#3609
1#
#3612
0#
#3615
1#
#3618
0#
#3621
1#
#3624
0#
#3627
1#
#3630
0#
#3633
1#
#3636
0#
#3639
1#
#3642
0#
#3645
1#
#3648
0#
#3651
1#
#3654
0#
#3657
1#
#3660
0#
#3663
1#
#3666
0#
#3669
1#
#3672
0#
#3675
1#
#3678
0#
#3681
1#
#3684
0#
#3687
1#
#3690
0#
#3693
1#
#3696
0#
#3699
1#
#3702
0#
#3705
1#
#3708
0#
#3711
1#
#3714
0#
#3717
1#
#3720
0#
#3723
1#
#3726
0#
#3729
1#
#3732
0#
#3735
1#
#3738
0#
#3741
1#
#3744
0#
#3747
1#
#3750
0#
#3753
1#
#3756
0#
#3759
1#
#3762
0#
#3765
1#
#3768
0#
#3771
1#
#3774
0#
#3777
1#
#3780
0#
#3783
1#
#3786
0#
#3789
1#
#3792
0#
#3795
1#
#3798
0#
#3801
1#
#3804
0#
#3807
1#
#3810
0#
#3813
1#
#3816
0#
#3819
1#
#3822
0#
#3825
1#
#3828
0#
#3831
1#
#3834
0#
#3837
1#
#3840
0#
#3843
1#
#3846
0#
#3849
1#
#3852
0#
#3855
1#
#3858
0#
#3861
1#
#3864
0#
#3867
1#
#3870
0#
#3873
1#
#3876
0#
#3879
1#
#3882
0#
#3885
1#
#3888
0#
#3891
1#
#3894
0#
#3897
1#
#3900
0#
#3903
1#
#3906
0#
#3909
1#
#3912
0#
#3915
1#
#3918
0#
#3921
1#
#3924
0#
#3927
1#
#3930
0#
#3933
1#
#3936
0#
#3939
1#
#3942
0#
#3945
1#
#3948
0#
#3951
1#
#3954
0#
#3957
1#
#3960
0#
#3963
1#
#3966
0#
#3969
1#
#3972
0#
#3975
1#
#3978
0#
#3981
1#
#3984
0#
#3987
1#
#3990
0#
#3993
1#
#3996
0#
#3999
1#
#4002
0#
#4005
1#
#4008
0#
#4011
1#
#4014
0#
#4017
1#
#4020
0#
#4023
1#
#4026
0#
#4029
1#
#4032
0#
#4035
1#
#4038
0#
#4041
1#
#4044
0#
#4047
1#
#4050
0#
#4053
1#
#4056
0#
#4059
1#
#4062
0#
#4065
1#
#4068
0#
#4071
1#
#4074
0#
#4077
1#
#4080
0#
#4083
1#
#4086
0#
#4089
1#
#4092
0#
#4095
1#
#4098
0#
#4101
1#
#4104
0#
#4107
1#
#4110
0#
#4113
1#
#4116
0#
#4119
1#
#4122
0#
#4125
1#
#4128
0#
#4131
1#
#4134
0#
#4137
1#
#4140
0#
#4143
1#
#4146
0#
#4149
1#
#4152
0#
#4155
1#
#4158
0#
#4161
1#
#4164
0#
#4167
1#
#4170
0#
#4173
1#
#4176
0#
#4179
1#
#4182
0#
#4185
1#
#4188
0#
#4191
1#
#4194
0#
#4197
1#
#4200
0#
#4203
1#
#4206
0#
#4209
1#
#4212
0#
#4215
1#
#4218
0#
#4221
1#
#4224
0#
#4227
1#
#4230
0#
#4233
1#
#4236
0#
#4239
1#
#4242
0#
#4245
1#
#4248
0#
#4251
1#
#4254
0#
#4257
1#
#4260
0#
#4263
1#
#4266
0#
#4269
1#
#4272
0#
#4275
1#
#4276
